metric	unit	dataset	split	reference_bucket	sentences	stage	TP	FP	FN	precision_x100	recall_x100	score_x100
F0.5	character	nlpcc2018	test	1	1817	T0	1448	3057	2181	32.14	39.90	33.44
F0.5	character	nlpcc2018	test	2	183	T0	162	213	216	43.20	42.86	43.13
F0.5	character	nlpcc2018	test	1	1817	T1	1118	1540	2511	42.06	30.81	39.20
F0.5	character	nlpcc2018	test	2	183	T1	118	99	254	54.38	31.72	47.58
F0.5	character	nlpcc2018	test	1	1817	T2	1115	1542	2514	41.96	30.72	39.10
F0.5	character	nlpcc2018	test	2	183	T2	118	101	254	53.88	31.72	47.28
F0.5	character	nlpcc2018	test	1	1817	T3	1119	1555	2510	41.85	30.83	39.06
F0.5	character	nlpcc2018	test	2	183	T3	118	101	254	53.88	31.72	47.28
F0.5	word	nlpcc2018	test	1	1817	T0	1518	3422	2233	30.73	40.47	32.28
F0.5	word	nlpcc2018	test	2	183	T0	184	245	232	42.89	44.23	43.15
F0.5	word	nlpcc2018	test	1	1817	T1	1186	1863	2565	38.90	31.62	37.19
F0.5	word	nlpcc2018	test	2	183	T1	127	132	268	49.03	32.15	44.37
F0.5	word	nlpcc2018	test	1	1817	T2	1184	1862	2567	38.87	31.56	37.15
F0.5	word	nlpcc2018	test	2	183	T2	125	134	265	48.26	32.05	43.83
F0.5	word	nlpcc2018	test	1	1817	T3	1188	1870	2563	38.85	31.67	37.16
F0.5	word	nlpcc2018	test	2	183	T3	125	134	265	48.26	32.05	43.83
GLEU	character	nlpcc2018	test	1	1817	T0						73.19
GLEU	character	nlpcc2018	test	2	183	T0						73.35
GLEU	character	nlpcc2018	test	1	1817	T1						70.94
GLEU	character	nlpcc2018	test	2	183	T1						67.93
GLEU	character	nlpcc2018	test	1	1817	T2						70.90
GLEU	character	nlpcc2018	test	2	183	T2						67.86
GLEU	character	nlpcc2018	test	1	1817	T3						70.91
GLEU	character	nlpcc2018	test	2	183	T3						67.86
GLEU	word	nlpcc2018	test	1	1817	T0						64.31
GLEU	word	nlpcc2018	test	2	183	T0						64.78
GLEU	word	nlpcc2018	test	1	1817	T1						61.20
GLEU	word	nlpcc2018	test	2	183	T1						57.61
GLEU	word	nlpcc2018	test	1	1817	T2						61.19
GLEU	word	nlpcc2018	test	2	183	T2						57.62
GLEU	word	nlpcc2018	test	1	1817	T3						61.17
GLEU	word	nlpcc2018	test	2	183	T3						57.62
F0.5	character	mucgec	test	1	1732	T0	1400	3166	2357	30.66	37.26	31.79
F0.5	character	mucgec	test	2	2120	T0	2841	4071	3756	41.10	43.07	41.48
F0.5	character	mucgec	test	3	1591	T0	2449	2849	2856	46.22	46.16	46.21
F0.5	character	mucgec	test	>3	557	T0	811	842	813	49.06	49.94	49.24
F0.5	character	mucgec	test	1	1732	T1	1087	1356	2670	44.49	28.93	40.17
F0.5	character	mucgec	test	2	2120	T1	2139	1725	4266	55.36	33.40	48.92
F0.5	character	mucgec	test	3	1591	T1	1789	1324	3163	57.47	36.13	51.40
F0.5	character	mucgec	test	>3	557	T1	590	380	912	60.82	39.28	54.81
F0.5	character	mucgec	test	1	1732	T2	1089	1338	2668	44.87	28.99	40.44
F0.5	character	mucgec	test	2	2120	T2	2121	1725	4281	55.15	33.13	48.68
F0.5	character	mucgec	test	3	1591	T2	1786	1312	3171	57.65	36.03	51.47
F0.5	character	mucgec	test	>3	557	T2	585	382	908	60.50	39.18	54.56
F0.5	character	mucgec	test	1	1732	T3	1088	1347	2669	44.68	28.96	40.31
F0.5	character	mucgec	test	2	2120	T3	2126	1740	4274	54.99	33.22	48.62
F0.5	character	mucgec	test	3	1591	T3	1795	1321	3161	57.61	36.22	51.52
F0.5	character	mucgec	test	>3	557	T3	587	384	907	60.45	39.29	54.57
F0.5	word	mucgec	test	1	1732	T0	1466	3613	2487	28.86	37.09	30.20
F0.5	word	mucgec	test	2	2120	T0	3125	4466	3982	41.17	43.97	41.70
F0.5	word	mucgec	test	3	1591	T0	2675	3118	3028	46.18	46.91	46.32
F0.5	word	mucgec	test	>3	557	T0	901	896	856	50.14	51.28	50.36
F0.5	word	mucgec	test	1	1732	T1	1137	1646	2816	40.86	28.76	37.69
F0.5	word	mucgec	test	2	2120	T1	2336	2077	4512	52.93	34.11	47.67
F0.5	word	mucgec	test	3	1591	T1	1978	1548	3367	56.10	37.01	50.85
F0.5	word	mucgec	test	>3	557	T1	665	435	940	60.45	41.43	55.37
F0.5	word	mucgec	test	1	1732	T2	1139	1641	2814	40.97	28.81	37.78
F0.5	word	mucgec	test	2	2120	T2	2309	2078	4535	52.63	33.74	47.33
F0.5	word	mucgec	test	3	1591	T2	1974	1520	3352	56.50	37.06	51.13
F0.5	word	mucgec	test	>3	557	T2	662	439	937	60.13	41.40	55.14
F0.5	word	mucgec	test	1	1732	T3	1137	1638	2816	40.97	28.76	37.77
F0.5	word	mucgec	test	2	2120	T3	2316	2095	4525	52.51	33.85	47.29
F0.5	word	mucgec	test	3	1591	T3	1987	1524	3358	56.59	37.17	51.24
F0.5	word	mucgec	test	>3	557	T3	662	435	937	60.35	41.40	55.29
GLEU	character	mucgec	test	1	1732	T0						74.56
GLEU	character	mucgec	test	2	2120	T0						75.51
GLEU	character	mucgec	test	3	1591	T0						77.34
GLEU	character	mucgec	test	>3	557	T0						77.60
GLEU	character	mucgec	test	1	1732	T1						75.00
GLEU	character	mucgec	test	2	2120	T1						73.39
GLEU	character	mucgec	test	3	1591	T1						74.61
GLEU	character	mucgec	test	>3	557	T1						75.38
GLEU	character	mucgec	test	1	1732	T2						75.06
GLEU	character	mucgec	test	2	2120	T2						73.22
GLEU	character	mucgec	test	3	1591	T2						74.59
GLEU	character	mucgec	test	>3	557	T2						75.34
GLEU	character	mucgec	test	1	1732	T3						75.05
GLEU	character	mucgec	test	2	2120	T3						73.31
GLEU	character	mucgec	test	3	1591	T3						74.69
GLEU	character	mucgec	test	>3	557	T3						75.37
GLEU	word	mucgec	test	1	1732	T0						66.54
GLEU	word	mucgec	test	2	2120	T0						67.18
GLEU	word	mucgec	test	3	1591	T0						69.33
GLEU	word	mucgec	test	>3	557	T0						70.20
GLEU	word	mucgec	test	1	1732	T1						67.37
GLEU	word	mucgec	test	2	2120	T1						63.51
GLEU	word	mucgec	test	3	1591	T1						65.29
GLEU	word	mucgec	test	>3	557	T1						65.91
GLEU	word	mucgec	test	1	1732	T2						67.40
GLEU	word	mucgec	test	2	2120	T2						63.32
GLEU	word	mucgec	test	3	1591	T2						65.27
GLEU	word	mucgec	test	>3	557	T2						65.89
GLEU	word	mucgec	test	1	1732	T3						67.38
GLEU	word	mucgec	test	2	2120	T3						63.39
GLEU	word	mucgec	test	3	1591	T3						65.36
GLEU	word	mucgec	test	>3	557	T3						66.00
F0.5	character	yaclc	validation	>3	1000	T0	1666	1237	1185	57.39	58.44	57.60
F0.5	character	yaclc	validation	>3	1000	T1	1190	600	1101	66.48	51.94	62.96
F0.5	character	yaclc	validation	>3	1000	T2	1179	585	1115	66.84	51.39	63.05
F0.5	character	yaclc	validation	>3	1000	T3	1186	593	1115	66.67	51.54	62.97
F0.5	word	yaclc	validation	>3	1000	T0	1908	1319	1306	59.13	59.37	59.17
F0.5	word	yaclc	validation	>3	1000	T1	1402	653	1202	68.22	53.84	64.76
F0.5	word	yaclc	validation	>3	1000	T2	1369	630	1204	68.48	53.21	64.76
F0.5	word	yaclc	validation	>3	1000	T3	1387	643	1203	68.33	53.55	64.75
GLEU	character	yaclc	validation	>3	1000	T0						79.86
GLEU	character	yaclc	validation	>3	1000	T1						81.44
GLEU	character	yaclc	validation	>3	1000	T2						81.39
GLEU	character	yaclc	validation	>3	1000	T3						81.42
GLEU	word	yaclc	validation	>3	1000	T0						73.12
GLEU	word	yaclc	validation	>3	1000	T1						74.86
GLEU	word	yaclc	validation	>3	1000	T2						74.82
GLEU	word	yaclc	validation	>3	1000	T3						74.87
F0.5	character	flacgec	test	1	1325	T0	1013	1336	1343	43.12	43.00	43.10
F0.5	character	flacgec	test	1	1325	T1	849	980	1507	46.42	36.04	43.89
F0.5	character	flacgec	test	1	1325	T2	848	969	1508	46.67	35.99	44.06
F0.5	character	flacgec	test	1	1325	T3	853	979	1503	46.56	36.21	44.04
F0.5	word	flacgec	test	1	1325	T0	1071	1587	1335	40.29	44.51	41.07
F0.5	word	flacgec	test	1	1325	T1	897	1214	1509	42.49	37.28	41.34
F0.5	word	flacgec	test	1	1325	T2	899	1200	1507	42.83	37.36	41.61
F0.5	word	flacgec	test	1	1325	T3	904	1207	1502	42.82	37.57	41.66
GLEU	character	flacgec	test	1	1325	T0						84.13
GLEU	character	flacgec	test	1	1325	T1						80.94
GLEU	character	flacgec	test	1	1325	T2						80.92
GLEU	character	flacgec	test	1	1325	T3						81.03
GLEU	word	flacgec	test	1	1325	T0						77.68
GLEU	word	flacgec	test	1	1325	T1						73.28
GLEU	word	flacgec	test	1	1325	T2						73.34
GLEU	word	flacgec	test	1	1325	T3						73.40
F0.5	character	fcgec	validation	1	1649	T0	278	1833	618	13.17	31.03	14.88
F0.5	character	fcgec	validation	2	218	T0	138	191	103	41.95	57.26	44.32
F0.5	character	fcgec	validation	3	86	T0	47	94	50	33.33	48.45	35.55
F0.5	character	fcgec	validation	>3	47	T0	25	55	25	31.25	50.00	33.78
F0.5	character	fcgec	validation	1	1649	T1	162	775	734	17.29	18.08	17.44
F0.5	character	fcgec	validation	2	218	T1	94	113	142	45.41	39.83	44.17
F0.5	character	fcgec	validation	3	86	T1	31	54	63	36.47	32.98	35.71
F0.5	character	fcgec	validation	>3	47	T1	14	31	34	31.11	29.17	30.70
F0.5	character	fcgec	validation	1	1649	T2	162	760	734	17.57	18.08	17.67
F0.5	character	fcgec	validation	2	218	T2	94	114	142	45.19	39.83	44.01
F0.5	character	fcgec	validation	3	86	T2	30	53	64	36.14	31.91	35.21
F0.5	character	fcgec	validation	>3	47	T2	14	31	34	31.11	29.17	30.70
F0.5	character	fcgec	validation	1	1649	T3	162	770	734	17.38	18.08	17.52
F0.5	character	fcgec	validation	2	218	T3	94	114	142	45.19	39.83	44.01
F0.5	character	fcgec	validation	3	86	T3	31	54	63	36.47	32.98	35.71
F0.5	character	fcgec	validation	>3	47	T3	14	31	34	31.11	29.17	30.70
F0.5	word	fcgec	validation	1	1649	T0	271	2162	609	11.14	30.80	12.77
F0.5	word	fcgec	validation	2	218	T0	147	216	102	40.50	59.04	43.21
F0.5	word	fcgec	validation	3	86	T0	38	105	50	26.57	43.18	28.79
F0.5	word	fcgec	validation	>3	47	T0	23	65	25	26.14	47.92	28.75
F0.5	word	fcgec	validation	1	1649	T1	156	1041	724	13.03	17.73	13.76
F0.5	word	fcgec	validation	2	218	T1	106	133	146	44.35	42.06	43.87
F0.5	word	fcgec	validation	3	86	T1	26	71	62	26.80	29.55	27.31
F0.5	word	fcgec	validation	>3	47	T1	12	43	35	21.82	25.53	22.47
F0.5	word	fcgec	validation	1	1649	T2	156	1018	724	13.29	17.73	13.99
F0.5	word	fcgec	validation	2	218	T2	104	132	146	44.07	41.60	43.55
F0.5	word	fcgec	validation	3	86	T2	25	73	63	25.51	28.41	26.04
F0.5	word	fcgec	validation	>3	47	T2	12	43	35	21.82	25.53	22.47
F0.5	word	fcgec	validation	1	1649	T3	156	1032	724	13.13	17.73	13.85
F0.5	word	fcgec	validation	2	218	T3	104	132	146	44.07	41.60	43.55
F0.5	word	fcgec	validation	3	86	T3	26	71	62	26.80	29.55	27.31
F0.5	word	fcgec	validation	>3	47	T3	12	43	35	21.82	25.53	22.47
GLEU	character	fcgec	validation	1	1649	T0						91.57
GLEU	character	fcgec	validation	2	218	T0						93.33
GLEU	character	fcgec	validation	3	86	T0						91.99
GLEU	character	fcgec	validation	>3	47	T0						90.82
GLEU	character	fcgec	validation	1	1649	T1						92.99
GLEU	character	fcgec	validation	2	218	T1						91.72
GLEU	character	fcgec	validation	3	86	T1						92.30
GLEU	character	fcgec	validation	>3	47	T1						90.33
GLEU	character	fcgec	validation	1	1649	T2						93.01
GLEU	character	fcgec	validation	2	218	T2						91.74
GLEU	character	fcgec	validation	3	86	T2						92.19
GLEU	character	fcgec	validation	>3	47	T2						90.33
GLEU	character	fcgec	validation	1	1649	T3						93.00
GLEU	character	fcgec	validation	2	218	T3						91.74
GLEU	character	fcgec	validation	3	86	T3						92.30
GLEU	character	fcgec	validation	>3	47	T3						90.33
GLEU	word	fcgec	validation	1	1649	T0						87.12
GLEU	word	fcgec	validation	2	218	T0						90.15
GLEU	word	fcgec	validation	3	86	T0						87.42
GLEU	word	fcgec	validation	>3	47	T0						86.67
GLEU	word	fcgec	validation	1	1649	T1						89.13
GLEU	word	fcgec	validation	2	218	T1						88.32
GLEU	word	fcgec	validation	3	86	T1						88.13
GLEU	word	fcgec	validation	>3	47	T1						85.99
GLEU	word	fcgec	validation	1	1649	T2						89.21
GLEU	word	fcgec	validation	2	218	T2						88.34
GLEU	word	fcgec	validation	3	86	T2						87.82
GLEU	word	fcgec	validation	>3	47	T2						85.99
GLEU	word	fcgec	validation	1	1649	T3						89.16
GLEU	word	fcgec	validation	2	218	T3						88.34
GLEU	word	fcgec	validation	3	86	T3						88.13
GLEU	word	fcgec	validation	>3	47	T3						85.99
F0.5	character	nacgec	test	1	4786	T0	1863	5326	3704	25.91	33.47	27.14
F0.5	character	nacgec	test	2	1062	T0	789	781	420	50.25	65.26	52.68
F0.5	character	nacgec	test	3	17	T0	11	16	10	40.74	52.38	42.64
F0.5	character	nacgec	test	>3	4	T0	4	4	4	50.00	50.00	50.00
F0.5	character	nacgec	test	1	4786	T1	1138	2617	4429	30.31	20.44	27.64
F0.5	character	nacgec	test	2	1062	T1	550	447	628	55.17	46.69	53.23
F0.5	character	nacgec	test	3	17	T1	4	14	17	22.22	19.05	21.51
F0.5	character	nacgec	test	>3	4	T1	3	3	5	50.00	37.50	46.88
F0.5	character	nacgec	test	1	4786	T2	1139	2584	4428	30.59	20.46	27.84
F0.5	character	nacgec	test	2	1062	T2	551	435	626	55.88	46.81	53.80
F0.5	character	nacgec	test	3	17	T2	4	10	17	28.57	19.05	25.97
F0.5	character	nacgec	test	>3	4	T2	3	3	5	50.00	37.50	46.88
F0.5	character	nacgec	test	1	4786	T3	1140	2612	4427	30.38	20.48	27.70
F0.5	character	nacgec	test	2	1062	T3	550	441	628	55.50	46.69	53.48
F0.5	character	nacgec	test	3	17	T3	4	14	17	22.22	19.05	21.51
F0.5	character	nacgec	test	>3	4	T3	3	3	5	50.00	37.50	46.88
F0.5	word	nacgec	test	1	4786	T0	1830	6127	3616	23.00	33.60	24.55
F0.5	word	nacgec	test	2	1062	T0	878	907	436	49.19	66.82	51.93
F0.5	word	nacgec	test	3	17	T0	14	14	9	50.00	60.87	51.85
F0.5	word	nacgec	test	>3	4	T0	5	7	5	41.67	50.00	43.10
F0.5	word	nacgec	test	1	4786	T1	1116	3535	4330	23.99	20.49	23.20
F0.5	word	nacgec	test	2	1062	T1	629	604	644	51.01	49.41	50.68
F0.5	word	nacgec	test	3	17	T1	7	15	17	31.82	29.17	31.25
F0.5	word	nacgec	test	>3	4	T1	4	6	6	40.00	40.00	40.00
F0.5	word	nacgec	test	1	4786	T2	1117	3501	4329	24.19	20.51	23.35
F0.5	word	nacgec	test	2	1062	T2	629	591	640	51.56	49.57	51.15
F0.5	word	nacgec	test	3	17	T2	9	11	16	45.00	36.00	42.86
F0.5	word	nacgec	test	>3	4	T2	4	6	6	40.00	40.00	40.00
F0.5	word	nacgec	test	1	4786	T3	1118	3536	4328	24.02	20.53	23.23
F0.5	word	nacgec	test	2	1062	T3	630	598	643	51.30	49.49	50.93
F0.5	word	nacgec	test	3	17	T3	7	15	17	31.82	29.17	31.25
F0.5	word	nacgec	test	>3	4	T3	4	6	6	40.00	40.00	40.00
GLEU	character	nacgec	test	1	4786	T0						88.72
GLEU	character	nacgec	test	2	1062	T0						93.94
GLEU	character	nacgec	test	3	17	T0						93.60
GLEU	character	nacgec	test	>3	4	T0						88.75
GLEU	character	nacgec	test	1	4786	T1						88.09
GLEU	character	nacgec	test	2	1062	T1						92.59
GLEU	character	nacgec	test	3	17	T1						88.62
GLEU	character	nacgec	test	>3	4	T1						88.21
GLEU	character	nacgec	test	1	4786	T2						88.11
GLEU	character	nacgec	test	2	1062	T2						92.60
GLEU	character	nacgec	test	3	17	T2						89.71
GLEU	character	nacgec	test	>3	4	T2						88.21
GLEU	character	nacgec	test	1	4786	T3						88.10
GLEU	character	nacgec	test	2	1062	T3						92.60
GLEU	character	nacgec	test	3	17	T3						88.62
GLEU	character	nacgec	test	>3	4	T3						88.21
GLEU	word	nacgec	test	1	4786	T0						83.68
GLEU	word	nacgec	test	2	1062	T0						90.96
GLEU	word	nacgec	test	3	17	T0						91.11
GLEU	word	nacgec	test	>3	4	T0						82.65
GLEU	word	nacgec	test	1	4786	T1						82.56
GLEU	word	nacgec	test	2	1062	T1						89.36
GLEU	word	nacgec	test	3	17	T1						84.88
GLEU	word	nacgec	test	>3	4	T1						82.04
GLEU	word	nacgec	test	1	4786	T2						82.59
GLEU	word	nacgec	test	2	1062	T2						89.38
GLEU	word	nacgec	test	3	17	T2						86.52
GLEU	word	nacgec	test	>3	4	T2						82.04
GLEU	word	nacgec	test	1	4786	T3						82.57
GLEU	word	nacgec	test	2	1062	T3						89.36
GLEU	word	nacgec	test	3	17	T3						84.88
GLEU	word	nacgec	test	>3	4	T3						82.04
F0.5	character	nasgec_exam	test	1	1181	T0	271	1262	475	17.68	36.33	19.70
F0.5	character	nasgec_exam	test	2	748	T0	451	760	551	37.24	45.01	38.57
F0.5	character	nasgec_exam	test	3	66	T0	53	51	31	50.96	63.10	53.00
F0.5	character	nasgec_exam	test	>3	5	T0	3	6	4	33.33	42.86	34.88
F0.5	character	nasgec_exam	test	1	1181	T1	169	523	577	24.42	22.65	24.05
F0.5	character	nasgec_exam	test	2	748	T1	283	299	687	48.63	29.18	42.90
F0.5	character	nasgec_exam	test	3	66	T1	33	32	51	50.77	39.29	47.97
F0.5	character	nasgec_exam	test	>3	5	T1	2	3	5	40.00	28.57	37.04
F0.5	character	nasgec_exam	test	1	1181	T2	169	518	577	24.60	22.65	24.18
F0.5	character	nasgec_exam	test	2	748	T2	274	294	690	48.24	28.42	42.34
F0.5	character	nasgec_exam	test	3	66	T2	33	32	51	50.77	39.29	47.97
F0.5	character	nasgec_exam	test	>3	5	T2	2	3	5	40.00	28.57	37.04
F0.5	character	nasgec_exam	test	1	1181	T3	171	519	575	24.78	22.92	24.39
F0.5	character	nasgec_exam	test	2	748	T3	280	298	688	48.44	28.93	42.68
F0.5	character	nasgec_exam	test	3	66	T3	33	32	51	50.77	39.29	47.97
F0.5	character	nasgec_exam	test	>3	5	T3	2	3	5	40.00	28.57	37.04
F0.5	word	nasgec_exam	test	1	1181	T0	283	1469	454	16.15	38.40	18.27
F0.5	word	nasgec_exam	test	2	748	T0	501	836	554	37.47	47.49	39.12
F0.5	word	nasgec_exam	test	3	66	T0	56	51	32	52.34	63.64	54.26
F0.5	word	nasgec_exam	test	>3	5	T0	5	6	5	45.45	50.00	46.30
F0.5	word	nasgec_exam	test	1	1181	T1	175	696	562	20.09	23.74	20.73
F0.5	word	nasgec_exam	test	2	748	T1	330	387	690	46.03	32.35	42.44
F0.5	word	nasgec_exam	test	3	66	T1	36	36	48	50.00	42.86	48.39
F0.5	word	nasgec_exam	test	>3	5	T1	5	4	7	55.56	41.67	52.08
F0.5	word	nasgec_exam	test	1	1181	T2	174	695	563	20.02	23.61	20.65
F0.5	word	nasgec_exam	test	2	748	T2	327	367	694	47.12	32.03	43.06
F0.5	word	nasgec_exam	test	3	66	T2	36	36	48	50.00	42.86	48.39
F0.5	word	nasgec_exam	test	>3	5	T2	5	4	7	55.56	41.67	52.08
F0.5	word	nasgec_exam	test	1	1181	T3	177	690	560	20.42	24.02	21.05
F0.5	word	nasgec_exam	test	2	748	T3	331	379	691	46.62	32.39	42.85
F0.5	word	nasgec_exam	test	3	66	T3	36	36	48	50.00	42.86	48.39
F0.5	word	nasgec_exam	test	>3	5	T3	5	4	7	55.56	41.67	52.08
GLEU	character	nasgec_exam	test	1	1181	T0						91.12
GLEU	character	nasgec_exam	test	2	748	T0						90.45
GLEU	character	nasgec_exam	test	3	66	T0						93.56
GLEU	character	nasgec_exam	test	>3	5	T0						89.54
GLEU	character	nasgec_exam	test	1	1181	T1						92.66
GLEU	character	nasgec_exam	test	2	748	T1						89.10
GLEU	character	nasgec_exam	test	3	66	T1						91.07
GLEU	character	nasgec_exam	test	>3	5	T1						88.62
GLEU	character	nasgec_exam	test	1	1181	T2						92.70
GLEU	character	nasgec_exam	test	2	748	T2						88.97
GLEU	character	nasgec_exam	test	3	66	T2						91.07
GLEU	character	nasgec_exam	test	>3	5	T2						88.62
GLEU	character	nasgec_exam	test	1	1181	T3						92.71
GLEU	character	nasgec_exam	test	2	748	T3						89.04
GLEU	character	nasgec_exam	test	3	66	T3						91.07
GLEU	character	nasgec_exam	test	>3	5	T3						88.62
GLEU	word	nasgec_exam	test	1	1181	T0						86.75
GLEU	word	nasgec_exam	test	2	748	T0						86.10
GLEU	word	nasgec_exam	test	3	66	T0						90.41
GLEU	word	nasgec_exam	test	>3	5	T0						86.29
GLEU	word	nasgec_exam	test	1	1181	T1						89.09
GLEU	word	nasgec_exam	test	2	748	T1						84.52
GLEU	word	nasgec_exam	test	3	66	T1						87.83
GLEU	word	nasgec_exam	test	>3	5	T1						84.59
GLEU	word	nasgec_exam	test	1	1181	T2						89.14
GLEU	word	nasgec_exam	test	2	748	T2						84.44
GLEU	word	nasgec_exam	test	3	66	T2						87.83
GLEU	word	nasgec_exam	test	>3	5	T2						84.59
GLEU	word	nasgec_exam	test	1	1181	T3						89.14
GLEU	word	nasgec_exam	test	2	748	T3						84.47
GLEU	word	nasgec_exam	test	3	66	T3						87.83
GLEU	word	nasgec_exam	test	>3	5	T3						84.59
F0.5	character	cefe_track3	validation	1	19	T0	21	24	24	46.67	46.67	46.67
F0.5	character	cefe_track3	validation	1	19	T1	15	17	30	46.88	33.33	43.35
F0.5	character	cefe_track3	validation	1	19	T2	15	17	30	46.88	33.33	43.35
F0.5	character	cefe_track3	validation	1	19	T3	15	17	30	46.88	33.33	43.35
F0.5	word	cefe_track3	validation	1	19	T0	20	30	24	40.00	45.45	40.98
F0.5	word	cefe_track3	validation	1	19	T1	16	27	28	37.21	36.36	37.04
F0.5	word	cefe_track3	validation	1	19	T2	16	27	28	37.21	36.36	37.04
F0.5	word	cefe_track3	validation	1	19	T3	16	27	28	37.21	36.36	37.04
GLEU	character	cefe_track3	validation	1	19	T0						82.74
GLEU	character	cefe_track3	validation	1	19	T1						81.00
GLEU	character	cefe_track3	validation	1	19	T2						81.00
GLEU	character	cefe_track3	validation	1	19	T3						81.00
GLEU	word	cefe_track3	validation	1	19	T0						75.95
GLEU	word	cefe_track3	validation	1	19	T1						71.35
GLEU	word	cefe_track3	validation	1	19	T2						71.35
GLEU	word	cefe_track3	validation	1	19	T3						71.35
