dataset	split	sentences	alignment	round	beta	TP	FP	FN	Prec	Rec	F_beta
nlpcc2018	test	2000	cherrant	T0	0.5	1416	2344	2462	0.3766	0.3651	0.3742
nlpcc2018	test	2000	cherrant	T0	1.0	1416	2344	2462	0.3766	0.3651	0.3708
nlpcc2018	test	2000	cherrant	T0	2.0	1415	2344	2459	0.3764	0.3653	0.3674
nlpcc2018	test	2000	cherrant	T1	0.5	1165	1790	2702	0.3942	0.3013	0.3713
nlpcc2018	test	2000	cherrant	T1	1.0	1165	1790	2702	0.3942	0.3013	0.3415
nlpcc2018	test	2000	cherrant	T1	2.0	1164	1791	2699	0.3939	0.3013	0.3162
nlpcc2018	test	2000	cherrant	T2	0.5	1154	1772	2713	0.3944	0.2984	0.3706
nlpcc2018	test	2000	cherrant	T2	1.0	1154	1772	2713	0.3944	0.2984	0.3398
nlpcc2018	test	2000	cherrant	T2	2.0	1153	1773	2710	0.3941	0.2985	0.3137
nlpcc2018	test	2000	cherrant	T3	0.5	1161	1774	2706	0.3956	0.3002	0.3719
nlpcc2018	test	2000	cherrant	T3	1.0	1161	1774	2706	0.3956	0.3002	0.3414
nlpcc2018	test	2000	cherrant	T3	2.0	1160	1775	2703	0.3952	0.3003	0.3154
nlpcc2018	test	2000	projection	T0	0.5	1416	2418	2557	0.3693	0.3564	0.3667
nlpcc2018	test	2000	projection	T0	1.0	1416	2418	2557	0.3693	0.3564	0.3628
nlpcc2018	test	2000	projection	T0	2.0	1416	2418	2557	0.3693	0.3564	0.3589
nlpcc2018	test	2000	projection	T1	0.5	1165	1808	2800	0.3919	0.2938	0.3673
nlpcc2018	test	2000	projection	T1	1.0	1165	1808	2800	0.3919	0.2938	0.3358
nlpcc2018	test	2000	projection	T1	2.0	1165	1808	2800	0.3919	0.2938	0.3093
nlpcc2018	test	2000	projection	T2	0.5	1155	1792	2810	0.3919	0.2913	0.3666
nlpcc2018	test	2000	projection	T2	1.0	1155	1792	2810	0.3919	0.2913	0.3342
nlpcc2018	test	2000	projection	T2	2.0	1155	1792	2810	0.3919	0.2913	0.3071
nlpcc2018	test	2000	projection	T3	0.5	1162	1794	2803	0.3931	0.2931	0.368
nlpcc2018	test	2000	projection	T3	1.0	1162	1794	2803	0.3931	0.2931	0.3358
nlpcc2018	test	2000	projection	T3	2.0	1162	1794	2803	0.3931	0.2931	0.3088
mucgec	test	6000	cherrant	T0	0.5	6406	7396	10215	0.4641	0.3854	0.4459
mucgec	test	6000	cherrant	T0	1.0	6361	7405	9990	0.4621	0.389	0.4224
mucgec	test	6000	cherrant	T0	2.0	6316	7432	9849	0.4594	0.3907	0.4028
mucgec	test	6000	cherrant	T1	0.5	5017	4802	11252	0.5109	0.3084	0.4516
mucgec	test	6000	cherrant	T1	1.0	4980	4807	11031	0.5088	0.311	0.3861
mucgec	test	6000	cherrant	T1	2.0	4956	4823	10944	0.5068	0.3117	0.3377
mucgec	test	6000	cherrant	T2	0.5	4980	4729	11205	0.5129	0.3077	0.4526
mucgec	test	6000	cherrant	T2	1.0	4953	4737	11039	0.5111	0.3097	0.3857
mucgec	test	6000	cherrant	T2	2.0	4926	4751	10934	0.509	0.3106	0.3369
mucgec	test	6000	cherrant	T3	0.5	4991	4773	11191	0.5112	0.3084	0.4518
mucgec	test	6000	cherrant	T3	1.0	4968	4778	11045	0.5097	0.3102	0.3857
mucgec	test	6000	cherrant	T3	2.0	4940	4797	10946	0.5073	0.311	0.3371
mucgec	test	6000	projection	T0	0.5	6252	7691	10379	0.4484	0.3759	0.4318
mucgec	test	6000	projection	T0	1.0	6240	7703	10300	0.4475	0.3773	0.4094
mucgec	test	6000	projection	T0	2.0	6216	7727	10217	0.4458	0.3783	0.3901
mucgec	test	6000	projection	T1	0.5	4900	4919	11360	0.499	0.3014	0.4412
mucgec	test	6000	projection	T1	1.0	4890	4929	11302	0.498	0.302	0.376
mucgec	test	6000	projection	T1	2.0	4876	4943	11250	0.4966	0.3024	0.328
mucgec	test	6000	projection	T2	0.5	4866	4840	11368	0.5013	0.2997	0.4419
mucgec	test	6000	projection	T2	1.0	4859	4847	11328	0.5006	0.3002	0.3753
mucgec	test	6000	projection	T2	2.0	4844	4862	11281	0.4991	0.3004	0.3264
mucgec	test	6000	projection	T3	0.5	4872	4885	11353	0.4993	0.3003	0.4409
mucgec	test	6000	projection	T3	1.0	4864	4893	11309	0.4985	0.3007	0.3752
mucgec	test	6000	projection	T3	2.0	4854	4903	11277	0.4975	0.3009	0.3267
yaclc	validation	1000	cherrant	T0	0.5	1412	846	1085	0.6253	0.5655	0.6124
yaclc	validation	1000	cherrant	T0	1.0	1362	890	910	0.6048	0.5995	0.6021
yaclc	validation	1000	cherrant	T0	2.0	1273	978	757	0.5655	0.6271	0.6137
yaclc	validation	1000	cherrant	T1	0.5	1131	608	1088	0.6504	0.5097	0.6163
yaclc	validation	1000	cherrant	T1	1.0	1092	638	967	0.6312	0.5304	0.5764
yaclc	validation	1000	cherrant	T1	2.0	1001	722	810	0.581	0.5527	0.5582
yaclc	validation	1000	cherrant	T2	0.5	1111	615	1078	0.6437	0.5075	0.6109
yaclc	validation	1000	cherrant	T2	1.0	1076	643	966	0.6259	0.5269	0.5722
yaclc	validation	1000	cherrant	T2	2.0	985	727	807	0.5754	0.5497	0.5546
yaclc	validation	1000	cherrant	T3	0.5	1119	617	1079	0.6446	0.5091	0.612
yaclc	validation	1000	cherrant	T3	1.0	1086	643	977	0.6281	0.5264	0.5728
yaclc	validation	1000	cherrant	T3	2.0	993	729	812	0.5767	0.5501	0.5552
yaclc	validation	1000	projection	T0	0.5	1405	883	1121	0.6141	0.5562	0.6016
yaclc	validation	1000	projection	T0	1.0	1355	933	933	0.5922	0.5922	0.5922
yaclc	validation	1000	projection	T0	2.0	1274	1014	784	0.5568	0.619	0.6055
yaclc	validation	1000	projection	T1	0.5	1120	625	1101	0.6418	0.5043	0.6086
yaclc	validation	1000	projection	T1	1.0	1085	660	972	0.6218	0.5275	0.5708
yaclc	validation	1000	projection	T1	2.0	1010	735	829	0.5788	0.5492	0.5549
yaclc	validation	1000	projection	T2	0.5	1102	630	1094	0.6363	0.5018	0.6039
yaclc	validation	1000	projection	T2	1.0	1072	660	980	0.6189	0.5224	0.5666
yaclc	validation	1000	projection	T2	2.0	994	738	828	0.5739	0.5456	0.551
yaclc	validation	1000	projection	T3	0.5	1110	635	1101	0.6361	0.502	0.6039
yaclc	validation	1000	projection	T3	1.0	1078	667	981	0.6178	0.5236	0.5668
yaclc	validation	1000	projection	T3	2.0	1001	744	832	0.5736	0.5461	0.5514
flacgec	test	1325	cherrant	T0	0.5	926	1543	1444	0.3751	0.3907	0.3781
flacgec	test	1325	cherrant	T0	1.0	926	1543	1444	0.3751	0.3907	0.3827
flacgec	test	1325	cherrant	T0	2.0	926	1543	1444	0.3751	0.3907	0.3875
flacgec	test	1325	cherrant	T1	0.5	810	1435	1560	0.3608	0.3418	0.3568
flacgec	test	1325	cherrant	T1	1.0	810	1435	1560	0.3608	0.3418	0.351
flacgec	test	1325	cherrant	T1	2.0	810	1435	1560	0.3608	0.3418	0.3454
flacgec	test	1325	cherrant	T2	0.5	820	1415	1550	0.3669	0.346	0.3625
flacgec	test	1325	cherrant	T2	1.0	820	1415	1550	0.3669	0.346	0.3561
flacgec	test	1325	cherrant	T2	2.0	820	1415	1550	0.3669	0.346	0.35
flacgec	test	1325	cherrant	T3	0.5	823	1421	1547	0.3668	0.3473	0.3627
flacgec	test	1325	cherrant	T3	1.0	823	1421	1547	0.3668	0.3473	0.3567
flacgec	test	1325	cherrant	T3	2.0	823	1421	1547	0.3668	0.3473	0.351
flacgec	test	1325	projection	T0	0.5	851	1625	1503	0.3437	0.3615	0.3471
flacgec	test	1325	projection	T0	1.0	851	1625	1503	0.3437	0.3615	0.3524
flacgec	test	1325	projection	T0	2.0	851	1625	1503	0.3437	0.3615	0.3578
flacgec	test	1325	projection	T1	0.5	731	1521	1623	0.3246	0.3105	0.3217
flacgec	test	1325	projection	T1	1.0	731	1521	1623	0.3246	0.3105	0.3174
flacgec	test	1325	projection	T1	2.0	731	1521	1623	0.3246	0.3105	0.3132
flacgec	test	1325	projection	T2	0.5	742	1494	1612	0.3318	0.3152	0.3284
flacgec	test	1325	projection	T2	1.0	742	1494	1612	0.3318	0.3152	0.3233
flacgec	test	1325	projection	T2	2.0	742	1494	1612	0.3318	0.3152	0.3184
flacgec	test	1325	projection	T3	0.5	746	1501	1608	0.332	0.3169	0.3289
flacgec	test	1325	projection	T3	1.0	746	1501	1608	0.332	0.3169	0.3243
flacgec	test	1325	projection	T3	2.0	746	1501	1608	0.332	0.3169	0.3198
fcgec	validation	2000	cherrant	T0	0.5	509	2471	799	0.1708	0.3891	0.1924
fcgec	validation	2000	cherrant	T0	1.0	509	2471	799	0.1708	0.3891	0.2374
fcgec	validation	2000	cherrant	T0	2.0	509	2471	799	0.1708	0.3891	0.3099
fcgec	validation	2000	cherrant	T1	0.5	338	1956	965	0.1473	0.2594	0.1613
fcgec	validation	2000	cherrant	T1	1.0	338	1956	965	0.1473	0.2594	0.1879
fcgec	validation	2000	cherrant	T1	2.0	338	1956	965	0.1473	0.2594	0.2252
fcgec	validation	2000	cherrant	T2	0.5	334	1942	969	0.1467	0.2563	0.1605
fcgec	validation	2000	cherrant	T2	1.0	334	1942	969	0.1467	0.2563	0.1866
fcgec	validation	2000	cherrant	T2	2.0	334	1942	969	0.1467	0.2563	0.223
fcgec	validation	2000	cherrant	T3	0.5	338	1949	965	0.1478	0.2594	0.1617
fcgec	validation	2000	cherrant	T3	1.0	338	1949	965	0.1478	0.2594	0.1883
fcgec	validation	2000	cherrant	T3	2.0	338	1949	965	0.1478	0.2594	0.2254
fcgec	validation	2000	projection	T0	0.5	501	2559	786	0.1637	0.3893	0.1852
fcgec	validation	2000	projection	T0	1.0	501	2559	786	0.1637	0.3893	0.2305
fcgec	validation	2000	projection	T0	2.0	501	2559	786	0.1637	0.3893	0.3052
fcgec	validation	2000	projection	T1	0.5	327	2002	945	0.1404	0.2571	0.1544
fcgec	validation	2000	projection	T1	1.0	327	2002	945	0.1404	0.2571	0.1816
fcgec	validation	2000	projection	T1	2.0	327	2002	945	0.1404	0.2571	0.2204
fcgec	validation	2000	projection	T2	0.5	329	1984	945	0.1422	0.2582	0.1563
fcgec	validation	2000	projection	T2	1.0	329	1984	945	0.1422	0.2582	0.1834
fcgec	validation	2000	projection	T2	2.0	329	1984	945	0.1422	0.2582	0.222
fcgec	validation	2000	projection	T3	0.5	327	1995	945	0.1408	0.2571	0.1548
fcgec	validation	2000	projection	T3	1.0	327	1995	945	0.1408	0.2571	0.182
fcgec	validation	2000	projection	T3	2.0	327	1995	945	0.1408	0.2571	0.2206
nacgec	test	5869	cherrant	T0	0.5	2894	7042	3902	0.2913	0.4258	0.3109
nacgec	test	5869	cherrant	T0	1.0	2894	7042	3902	0.2913	0.4258	0.3459
nacgec	test	5869	cherrant	T0	2.0	2894	7042	3902	0.2913	0.4258	0.3898
nacgec	test	5869	cherrant	T1	0.5	1858	5961	4927	0.2376	0.2738	0.2441
nacgec	test	5869	cherrant	T1	1.0	1858	5961	4927	0.2376	0.2738	0.2545
nacgec	test	5869	cherrant	T1	2.0	1858	5961	4927	0.2376	0.2738	0.2657
nacgec	test	5869	cherrant	T2	0.5	1842	5937	4943	0.2368	0.2715	0.243
nacgec	test	5869	cherrant	T2	1.0	1842	5937	4943	0.2368	0.2715	0.253
nacgec	test	5869	cherrant	T2	2.0	1842	5937	4943	0.2368	0.2715	0.2638
nacgec	test	5869	cherrant	T3	0.5	1855	5947	4930	0.2378	0.2734	0.2441
nacgec	test	5869	cherrant	T3	1.0	1855	5947	4930	0.2378	0.2734	0.2543
nacgec	test	5869	cherrant	T3	2.0	1855	5947	4930	0.2378	0.2734	0.2654
nacgec	test	5869	projection	T0	0.5	2691	7345	4039	0.2681	0.3999	0.287
nacgec	test	5869	projection	T0	1.0	2691	7345	4039	0.2681	0.3999	0.321
nacgec	test	5869	projection	T0	2.0	2691	7345	4039	0.2681	0.3999	0.3641
nacgec	test	5869	projection	T1	0.5	1807	6154	4911	0.227	0.269	0.2343
nacgec	test	5869	projection	T1	1.0	1807	6154	4911	0.227	0.269	0.2462
nacgec	test	5869	projection	T1	2.0	1807	6154	4911	0.227	0.269	0.2594
nacgec	test	5869	projection	T2	0.5	1799	6114	4919	0.2273	0.2678	0.2344
nacgec	test	5869	projection	T2	1.0	1799	6114	4919	0.2273	0.2678	0.2459
nacgec	test	5869	projection	T2	2.0	1799	6114	4919	0.2273	0.2678	0.2586
nacgec	test	5869	projection	T3	0.5	1807	6133	4911	0.2276	0.269	0.2348
nacgec	test	5869	projection	T3	1.0	1807	6133	4911	0.2276	0.269	0.2466
nacgec	test	5869	projection	T3	2.0	1807	6133	4911	0.2276	0.269	0.2595
nasgec_exam	test	2000	cherrant	T0	0.5	811	2345	993	0.257	0.4496	0.2811
nasgec_exam	test	2000	cherrant	T0	1.0	810	2345	989	0.2567	0.4503	0.327
nasgec_exam	test	2000	cherrant	T0	2.0	809	2346	986	0.2564	0.4507	0.3914
nasgec_exam	test	2000	cherrant	T1	0.5	506	1883	1253	0.2118	0.2877	0.2236
nasgec_exam	test	2000	cherrant	T1	1.0	506	1883	1253	0.2118	0.2877	0.244
nasgec_exam	test	2000	cherrant	T1	2.0	506	1883	1253	0.2118	0.2877	0.2684
nasgec_exam	test	2000	cherrant	T2	0.5	501	1888	1258	0.2097	0.2848	0.2214
nasgec_exam	test	2000	cherrant	T2	1.0	501	1888	1258	0.2097	0.2848	0.2416
nasgec_exam	test	2000	cherrant	T2	2.0	501	1888	1258	0.2097	0.2848	0.2658
nasgec_exam	test	2000	cherrant	T3	0.5	505	1891	1255	0.2108	0.2869	0.2226
nasgec_exam	test	2000	cherrant	T3	1.0	505	1891	1255	0.2108	0.2869	0.243
nasgec_exam	test	2000	cherrant	T3	2.0	505	1891	1255	0.2108	0.2869	0.2676
nasgec_exam	test	2000	projection	T0	0.5	808	2426	1027	0.2498	0.4403	0.2735
nasgec_exam	test	2000	projection	T0	1.0	808	2426	1027	0.2498	0.4403	0.3188
nasgec_exam	test	2000	projection	T0	2.0	806	2428	1024	0.2492	0.4404	0.3818
nasgec_exam	test	2000	projection	T1	0.5	515	1932	1271	0.2105	0.2884	0.2225
nasgec_exam	test	2000	projection	T1	1.0	515	1932	1271	0.2105	0.2884	0.2433
nasgec_exam	test	2000	projection	T1	2.0	515	1932	1271	0.2105	0.2884	0.2685
nasgec_exam	test	2000	projection	T2	0.5	510	1936	1276	0.2085	0.2856	0.2204
nasgec_exam	test	2000	projection	T2	1.0	510	1936	1276	0.2085	0.2856	0.241
nasgec_exam	test	2000	projection	T2	2.0	510	1936	1276	0.2085	0.2856	0.2659
nasgec_exam	test	2000	projection	T3	0.5	514	1939	1273	0.2095	0.2876	0.2216
nasgec_exam	test	2000	projection	T3	1.0	514	1939	1273	0.2095	0.2876	0.2425
nasgec_exam	test	2000	projection	T3	2.0	514	1939	1273	0.2095	0.2876	0.2677
cefe_track3	validation	19	cherrant	T0	0.5	15	23	27	0.3947	0.3571	0.3866
cefe_track3	validation	19	cherrant	T0	1.0	15	23	27	0.3947	0.3571	0.375
cefe_track3	validation	19	cherrant	T0	2.0	15	23	27	0.3947	0.3571	0.3641
cefe_track3	validation	19	cherrant	T1	0.5	14	18	28	0.4375	0.3333	0.4118
cefe_track3	validation	19	cherrant	T1	1.0	14	18	28	0.4375	0.3333	0.3784
cefe_track3	validation	19	cherrant	T1	2.0	14	18	28	0.4375	0.3333	0.35
cefe_track3	validation	19	cherrant	T2	0.5	13	19	29	0.4062	0.3095	0.3824
cefe_track3	validation	19	cherrant	T2	1.0	13	19	29	0.4062	0.3095	0.3514
cefe_track3	validation	19	cherrant	T2	2.0	13	19	29	0.4062	0.3095	0.325
cefe_track3	validation	19	cherrant	T3	0.5	13	19	29	0.4062	0.3095	0.3824
cefe_track3	validation	19	cherrant	T3	1.0	13	19	29	0.4062	0.3095	0.3514
cefe_track3	validation	19	cherrant	T3	2.0	13	19	29	0.4062	0.3095	0.325
cefe_track3	validation	19	projection	T0	0.5	17	24	28	0.4146	0.3778	0.4067
cefe_track3	validation	19	projection	T0	1.0	17	24	28	0.4146	0.3778	0.3953
cefe_track3	validation	19	projection	T0	2.0	17	24	28	0.4146	0.3778	0.3846
cefe_track3	validation	19	projection	T1	0.5	14	18	31	0.4375	0.3111	0.4046
cefe_track3	validation	19	projection	T1	1.0	14	18	31	0.4375	0.3111	0.3636
cefe_track3	validation	19	projection	T1	2.0	14	18	31	0.4375	0.3111	0.3302
cefe_track3	validation	19	projection	T2	0.5	13	19	32	0.4062	0.2889	0.3757
cefe_track3	validation	19	projection	T2	1.0	13	19	32	0.4062	0.2889	0.3377
cefe_track3	validation	19	projection	T2	2.0	13	19	32	0.4062	0.2889	0.3066
cefe_track3	validation	19	projection	T3	0.5	13	19	32	0.4062	0.2889	0.3757
cefe_track3	validation	19	projection	T3	1.0	13	19	32	0.4062	0.2889	0.3377
cefe_track3	validation	19	projection	T3	2.0	13	19	32	0.4062	0.2889	0.3066
