dataset	split	sentences	references	metric	stage	condition	TP	FP	FN	precision_x100	recall_x100	score_x100
nlpcc2018	test	2000	2183	character_m2_f0.5	T0	Raw	1610	3270	2397	32.990000	40.180000	34.220000
nlpcc2018	test	2000	2183	character_m2_f0.5	T1	Direct-WB	1236	1639	2765	42.990000	30.890000	39.870000
nlpcc2018	test	2000	2183	character_m2_f0.5	T2	Projected-WB	1233	1643	2768	42.870000	30.820000	39.760000
nlpcc2018	test	2000	2183	character_m2_f0.5	T3	Iterative Projected-WB	1237	1656	2764	42.760000	30.920000	39.720000
nlpcc2018	test	2000	2183	word_m2_f0.5	T0	Raw	1702	3667	2465	31.700000	40.840000	33.190000
nlpcc2018	test	2000	2183	word_m2_f0.5	T1	Direct-WB	1313	1995	2833	39.690000	31.670000	37.780000
nlpcc2018	test	2000	2183	word_m2_f0.5	T2	Projected-WB	1309	1996	2832	39.610000	31.610000	37.700000
nlpcc2018	test	2000	2183	word_m2_f0.5	T3	Iterative Projected-WB	1313	2004	2828	39.580000	31.710000	37.710000
nlpcc2018	test	2000	2183	character_gleu	T0	Raw						73.202771
nlpcc2018	test	2000	2183	character_gleu	T1	Direct-WB						70.661976
nlpcc2018	test	2000	2183	character_gleu	T2	Projected-WB						70.625000
nlpcc2018	test	2000	2183	character_gleu	T3	Iterative Projected-WB						70.632858
nlpcc2018	test	2000	2183	word_gleu	T0	Raw						64.348094
nlpcc2018	test	2000	2183	word_gleu	T1	Direct-WB						60.873029
nlpcc2018	test	2000	2183	word_gleu	T2	Projected-WB						60.865667
nlpcc2018	test	2000	2183	word_gleu	T3	Iterative Projected-WB						60.847367
mucgec	test	6000	13119	character_m2_f0.5	T0	Raw	7501	10928	9782	40.700000	43.400000	41.210000
mucgec	test	6000	13119	character_m2_f0.5	T1	Direct-WB	5606	4784	11022	53.960000	33.710000	48.170000
mucgec	test	6000	13119	character_m2_f0.5	T2	Projected-WB	5582	4756	11039	53.990000	33.580000	48.140000
mucgec	test	6000	13119	character_m2_f0.5	T3	Iterative Projected-WB	5597	4791	11022	53.880000	33.680000	48.110000
mucgec	test	6000	13119	word_m2_f0.5	T0	Raw	8167	12093	10353	40.310000	44.100000	41.020000
mucgec	test	6000	13119	word_m2_f0.5	T1	Direct-WB	6119	5703	11667	51.760000	34.400000	47.020000
mucgec	test	6000	13119	word_m2_f0.5	T2	Projected-WB	6089	5673	11688	51.770000	34.250000	46.960000
mucgec	test	6000	13119	word_m2_f0.5	T3	Iterative Projected-WB	6107	5687	11686	51.780000	34.320000	47.000000
mucgec	test	6000	13119	character_gleu	T0	Raw						75.915862
mucgec	test	6000	13119	character_gleu	T1	Direct-WB						74.362468
mucgec	test	6000	13119	character_gleu	T2	Projected-WB						74.311214
mucgec	test	6000	13119	character_gleu	T3	Iterative Projected-WB						74.366603
mucgec	test	6000	13119	word_gleu	T0	Raw						67.844890
mucgec	test	6000	13119	word_gleu	T1	Direct-WB						65.321707
mucgec	test	6000	13119	word_gleu	T2	Projected-WB						65.253142
mucgec	test	6000	13119	word_gleu	T3	Iterative Projected-WB						65.304769
yaclc	validation	1000	8931	character_m2_f0.5	T0	Raw	1666	1237	1185	57.390000	58.440000	57.600000
yaclc	validation	1000	8931	character_m2_f0.5	T1	Direct-WB	1190	600	1101	66.480000	51.940000	62.960000
yaclc	validation	1000	8931	character_m2_f0.5	T2	Projected-WB	1179	585	1115	66.840000	51.390000	63.050000
yaclc	validation	1000	8931	character_m2_f0.5	T3	Iterative Projected-WB	1186	593	1115	66.670000	51.540000	62.970000
yaclc	validation	1000	8931	word_m2_f0.5	T0	Raw	1908	1319	1306	59.130000	59.370000	59.170000
yaclc	validation	1000	8931	word_m2_f0.5	T1	Direct-WB	1402	653	1202	68.220000	53.840000	64.760000
yaclc	validation	1000	8931	word_m2_f0.5	T2	Projected-WB	1369	630	1204	68.480000	53.210000	64.760000
yaclc	validation	1000	8931	word_m2_f0.5	T3	Iterative Projected-WB	1387	643	1203	68.330000	53.550000	64.750000
yaclc	validation	1000	8931	character_gleu	T0	Raw						79.858686
yaclc	validation	1000	8931	character_gleu	T1	Direct-WB						81.440729
yaclc	validation	1000	8931	character_gleu	T2	Projected-WB						81.391779
yaclc	validation	1000	8931	character_gleu	T3	Iterative Projected-WB						81.416371
yaclc	validation	1000	8931	word_gleu	T0	Raw						73.120320
yaclc	validation	1000	8931	word_gleu	T1	Direct-WB						74.860961
yaclc	validation	1000	8931	word_gleu	T2	Projected-WB						74.823492
yaclc	validation	1000	8931	word_gleu	T3	Iterative Projected-WB						74.871331
flacgec	test	1325	1325	character_m2_f0.5	T0	Raw	1013	1336	1343	43.120000	43.000000	43.100000
flacgec	test	1325	1325	character_m2_f0.5	T1	Direct-WB	849	980	1507	46.420000	36.040000	43.890000
flacgec	test	1325	1325	character_m2_f0.5	T2	Projected-WB	848	969	1508	46.670000	35.990000	44.060000
flacgec	test	1325	1325	character_m2_f0.5	T3	Iterative Projected-WB	853	979	1503	46.560000	36.210000	44.040000
flacgec	test	1325	1325	word_m2_f0.5	T0	Raw	1071	1587	1335	40.290000	44.510000	41.070000
flacgec	test	1325	1325	word_m2_f0.5	T1	Direct-WB	897	1214	1509	42.490000	37.280000	41.340000
flacgec	test	1325	1325	word_m2_f0.5	T2	Projected-WB	899	1200	1507	42.830000	37.360000	41.610000
flacgec	test	1325	1325	word_m2_f0.5	T3	Iterative Projected-WB	904	1207	1502	42.820000	37.570000	41.660000
flacgec	test	1325	1325	character_gleu	T0	Raw						84.130425
flacgec	test	1325	1325	character_gleu	T1	Direct-WB						80.939202
flacgec	test	1325	1325	character_gleu	T2	Projected-WB						80.923960
flacgec	test	1325	1325	character_gleu	T3	Iterative Projected-WB						81.026472
flacgec	test	1325	1325	word_gleu	T0	Raw						77.676432
flacgec	test	1325	1325	word_gleu	T1	Direct-WB						73.282290
flacgec	test	1325	1325	word_gleu	T2	Projected-WB						73.339065
flacgec	test	1325	1325	word_gleu	T3	Iterative Projected-WB						73.402442
fcgec	validation	2000	2550	character_m2_f0.5	T0	Raw	488	2173	796	18.340000	38.010000	20.460000
fcgec	validation	2000	2550	character_m2_f0.5	T1	Direct-WB	301	973	973	23.630000	23.630000	23.630000
fcgec	validation	2000	2550	character_m2_f0.5	T2	Projected-WB	300	958	974	23.850000	23.550000	23.790000
fcgec	validation	2000	2550	character_m2_f0.5	T3	Iterative Projected-WB	301	969	973	23.700000	23.630000	23.690000
fcgec	validation	2000	2550	word_m2_f0.5	T0	Raw	479	2548	786	15.820000	37.870000	17.910000
fcgec	validation	2000	2550	word_m2_f0.5	T1	Direct-WB	300	1288	967	18.890000	23.680000	19.690000
fcgec	validation	2000	2550	word_m2_f0.5	T2	Projected-WB	297	1266	968	19.000000	23.480000	19.760000
fcgec	validation	2000	2550	word_m2_f0.5	T3	Iterative Projected-WB	298	1278	967	18.910000	23.560000	19.690000
fcgec	validation	2000	2550	character_gleu	T0	Raw						91.765984
fcgec	validation	2000	2550	character_gleu	T1	Direct-WB						92.756655
fcgec	validation	2000	2550	character_gleu	T2	Projected-WB						92.777122
fcgec	validation	2000	2550	character_gleu	T3	Iterative Projected-WB						92.771638
fcgec	validation	2000	2550	word_gleu	T0	Raw						87.451782
fcgec	validation	2000	2550	word_gleu	T1	Direct-WB						88.921169
fcgec	validation	2000	2550	word_gleu	T2	Projected-WB						88.976406
fcgec	validation	2000	2550	word_gleu	T3	Iterative Projected-WB						88.954949
nacgec	test	5869	6978	character_m2_f0.5	T0	Raw	2667	6127	4138	30.330000	39.190000	31.760000
nacgec	test	5869	6978	character_m2_f0.5	T1	Direct-WB	1695	3081	5079	35.490000	25.020000	32.750000
nacgec	test	5869	6978	character_m2_f0.5	T2	Projected-WB	1697	3032	5076	35.880000	25.060000	33.030000
nacgec	test	5869	6978	character_m2_f0.5	T3	Iterative Projected-WB	1697	3070	5077	35.600000	25.050000	32.830000
nacgec	test	5869	6978	word_m2_f0.5	T0	Raw	2727	7055	4066	27.880000	40.140000	29.690000
nacgec	test	5869	6978	word_m2_f0.5	T1	Direct-WB	1756	4160	4997	29.680000	26.000000	28.870000
nacgec	test	5869	6978	word_m2_f0.5	T2	Projected-WB	1759	4109	4991	29.980000	26.060000	29.100000
nacgec	test	5869	6978	word_m2_f0.5	T3	Iterative Projected-WB	1759	4155	4994	29.740000	26.050000	28.920000
nacgec	test	5869	6978	character_gleu	T0	Raw						89.674230
nacgec	test	5869	6978	character_gleu	T1	Direct-WB						88.908676
nacgec	test	5869	6978	character_gleu	T2	Projected-WB						88.927925
nacgec	test	5869	6978	character_gleu	T3	Iterative Projected-WB						88.916973
nacgec	test	5869	6978	word_gleu	T0	Raw						85.021272
nacgec	test	5869	6978	word_gleu	T1	Direct-WB						83.794912
nacgec	test	5869	6978	word_gleu	T2	Projected-WB						83.830965
nacgec	test	5869	6978	word_gleu	T3	Iterative Projected-WB						83.803161
nasgec_exam	test	2000	2895	character_m2_f0.5	T0	Raw	778	2079	1061	27.230000	42.310000	29.320000
nasgec_exam	test	2000	2895	character_m2_f0.5	T1	Direct-WB	487	857	1320	36.240000	26.950000	33.900000
nasgec_exam	test	2000	2895	character_m2_f0.5	T2	Projected-WB	478	847	1323	36.080000	26.540000	33.660000
nasgec_exam	test	2000	2895	character_m2_f0.5	T3	Iterative Projected-WB	486	852	1319	36.320000	26.930000	33.950000
nasgec_exam	test	2000	2895	word_m2_f0.5	T0	Raw	845	2362	1045	26.350000	44.710000	28.710000
nasgec_exam	test	2000	2895	word_m2_f0.5	T1	Direct-WB	546	1123	1307	32.710000	29.470000	32.010000
nasgec_exam	test	2000	2895	word_m2_f0.5	T2	Projected-WB	542	1102	1312	32.970000	29.230000	32.150000
nasgec_exam	test	2000	2895	word_m2_f0.5	T3	Iterative Projected-WB	549	1109	1306	33.110000	29.600000	32.340000
nasgec_exam	test	2000	2895	character_gleu	T0	Raw						90.945842
nasgec_exam	test	2000	2895	character_gleu	T1	Direct-WB						91.266328
nasgec_exam	test	2000	2895	character_gleu	T2	Projected-WB						91.239783
nasgec_exam	test	2000	2895	character_gleu	T3	Iterative Projected-WB						91.273748
nasgec_exam	test	2000	2895	word_gleu	T0	Raw						86.625110
nasgec_exam	test	2000	2895	word_gleu	T1	Direct-WB						87.326746
nasgec_exam	test	2000	2895	word_gleu	T2	Projected-WB						87.327019
nasgec_exam	test	2000	2895	word_gleu	T3	Iterative Projected-WB						87.338724
cefe_track3	validation	19	19	character_m2_f0.5	T0	Raw	21	24	24	46.670000	46.670000	46.670000
cefe_track3	validation	19	19	character_m2_f0.5	T1	Direct-WB	15	17	30	46.880000	33.330000	43.350000
cefe_track3	validation	19	19	character_m2_f0.5	T2	Projected-WB	15	17	30	46.880000	33.330000	43.350000
cefe_track3	validation	19	19	character_m2_f0.5	T3	Iterative Projected-WB	15	17	30	46.880000	33.330000	43.350000
cefe_track3	validation	19	19	word_m2_f0.5	T0	Raw	20	30	24	40.000000	45.450000	40.980000
cefe_track3	validation	19	19	word_m2_f0.5	T1	Direct-WB	16	27	28	37.210000	36.360000	37.040000
cefe_track3	validation	19	19	word_m2_f0.5	T2	Projected-WB	16	27	28	37.210000	36.360000	37.040000
cefe_track3	validation	19	19	word_m2_f0.5	T3	Iterative Projected-WB	16	27	28	37.210000	36.360000	37.040000
cefe_track3	validation	19	19	character_gleu	T0	Raw						82.744867
cefe_track3	validation	19	19	character_gleu	T1	Direct-WB						81.004860
cefe_track3	validation	19	19	character_gleu	T2	Projected-WB						81.004860
cefe_track3	validation	19	19	character_gleu	T3	Iterative Projected-WB						81.004860
cefe_track3	validation	19	19	word_gleu	T0	Raw						75.949539
cefe_track3	validation	19	19	word_gleu	T1	Direct-WB						71.345226
cefe_track3	validation	19	19	word_gleu	T2	Projected-WB						71.345226
cefe_track3	validation	19	19	word_gleu	T3	Iterative Projected-WB						71.345226
