dataset	split	stage	sentences	edits	M	R	S	W	noop	NA	other_labels	sentences_with_W
nlpcc2018	test	T0	2000	4798	1573	1161	1866	198	48	0		186
nlpcc2018	test	T1	2000	2870	934	577	1214	145	445	0		139
nlpcc2018	test	T2	2000	2871	937	580	1204	150	452	0		143
nlpcc2018	test	T3	2000	2887	945	581	1211	150	446	0		143
mucgec	test	T0	6000	18069	6046	4471	6779	773	161	0		692
mucgec	test	T1	6000	10286	3612	2222	3854	598	1353	0		553
mucgec	test	T2	6000	10253	3602	2220	3833	598	1373	0		553
mucgec	test	T3	6000	10302	3628	2223	3847	604	1355	0		559
yaclc	validation	T0	1000	2872	991	629	1111	141	19	0		131
yaclc	validation	T1	1000	1768	567	356	731	114	180	0		107
yaclc	validation	T2	1000	1739	556	350	724	109	187	0		102
yaclc	validation	T3	1000	1756	563	350	730	113	183	0		105
flacgec	test	T0	1325	2318	609	631	609	469	42	0		443
flacgec	test	T1	1325	1812	436	482	438	456	238	0		432
flacgec	test	T2	1325	1806	433	482	435	456	243	0		431
flacgec	test	T3	1325	1820	435	487	441	457	238	0		432
fcgec	validation	T0	2000	2576	848	747	817	164	326	0		159
fcgec	validation	T1	2000	1242	355	336	468	83	1099	0		81
fcgec	validation	T2	2000	1230	347	336	465	82	1109	0		80
fcgec	validation	T3	2000	1240	353	337	467	83	1102	0		81
nacgec	test	T0	5869	8551	2544	2765	2634	608	345	0		596
nacgec	test	T1	5869	4696	1337	1585	1436	338	2420	0		327
nacgec	test	T2	5869	4650	1320	1569	1422	339	2436	0		328
nacgec	test	T3	5869	4683	1329	1584	1430	340	2423	0		329
nasgec_exam	test	T0	2000	2729	883	825	865	156	236	0		152
nasgec_exam	test	T1	2000	1294	338	391	477	88	1038	0		87
nasgec_exam	test	T2	2000	1276	331	385	474	86	1047	0		85
nasgec_exam	test	T3	2000	1289	334	392	477	86	1040	0		85
cefe_track3	validation	T0	19	42	7	4	28	3	1	0		3
cefe_track3	validation	T1	19	32	9	1	19	3	4	0		3
cefe_track3	validation	T2	19	32	9	1	19	3	4	0		3
cefe_track3	validation	T3	19	32	9	1	19	3	4	0		3
