model	dataset	dataset_key	split	sentences	references	T0	T1	T2	T3	source_policy	source_stage_mapping
DeepSeek	NLPCC2018	nlpcc2018	test	2000	2183	63.85692856407154	60.0667288387922	59.92535245183418	59.89200415455645	condition	T0=S1;T1=S1;T2=S2;T3=S3
DeepSeek	MuCGEC	mucgec	test	6000	13119	67.5398710236566	64.72805087441682	64.4758296167994	64.49653187460387	condition	T0=S1;T1=S1;T2=S2;T3=S3
DeepSeek	YACLC	yaclc	validation	1000	8931	73.07228855008158	74.53724070540896	74.38078634135591	74.3511000427678	condition	T0=S1;T1=S1;T2=S2;T3=S3
DeepSeek	FlaCGEC	flacgec	test	1325	1325	77.30086757561139	72.77803011308485	72.48081312799714	72.51431635488498	condition	T0=S1;T1=S1;T2=S2;T3=S3
DeepSeek	FCGEC	fcgec	validation	2000	2550	87.27472263606157	88.56986749438471	88.38849679214644	88.35989257184663	condition	T0=S1;T1=S1;T2=S2;T3=S3
DeepSeek	NaCGEC	nacgec	test	5869	6978	84.71125140714511	83.19941441370672	83.05832448501084	83.01397197792365	condition	T0=S1;T1=S1;T2=S2;T3=S3
DeepSeek	NaSGEC-Exam	nasgec_exam	test	2000	2895	86.40351817452303	86.95253014801341	86.8100599086494	86.80992527826228	condition	T0=S1;T1=S1;T2=S2;T3=S3
DeepSeek	CEFE Track 3	cefe_track3	validation	19	19	74.31144169338604	68.67325434972771	68.59108483690605	68.59108483690605	condition	T0=S1;T1=S1;T2=S2;T3=S3
Kimi	NLPCC2018	nlpcc2018	test	2000	2183	63.310707522367025	59.53040823272738	59.31174170020657	59.300609698285946	condition	T0=S1;T1=S1;T2=S2;T3=S3
Kimi	MuCGEC	mucgec	test	6000	13119	66.69736712875796	62.96175093293931	62.70951144136784	62.64776835467218	condition	T0=S1;T1=S1;T2=S2;T3=S3
Kimi	YACLC	yaclc	validation	1000	8931	74.14710609749969	73.06212464035687	72.7332317912253	72.56903116946341	condition	T0=S1;T1=S1;T2=S2;T3=S3
Kimi	FlaCGEC	flacgec	test	1325	1325	73.10943495457371	68.93535430139133	68.57409711089862	68.56875691148558	condition	T0=S1;T1=S1;T2=S2;T3=S3
Kimi	FCGEC	fcgec	validation	2000	2550	86.1246085032752	85.83376376937831	85.66140001500325	85.63389621257262	condition	T0=S1;T1=S1;T2=S2;T3=S3
Kimi	NaCGEC	nacgec	test	5869	6978	83.70354170676492	80.57821441254838	80.44012293168926	80.43289239166316	condition	T0=S1;T1=S1;T2=S2;T3=S3
Kimi	NaSGEC-Exam	nasgec_exam	test	2000	2895	85.72976563693442	84.10529145734255	83.92760753649877	83.89340623509857	condition	T0=S1;T1=S1;T2=S2;T3=S3
Kimi	CEFE Track 3	cefe_track3	validation	19	19	70.54640291105046	68.64158180815512	68.05258791594359	68.05258791594359	condition	T0=S1;T1=S1;T2=S2;T3=S3
