model,dataset,dataset_key,split,metric,contrast,n_sentences,n_clusters,resampling_unit,earlier_score,later_score,delta_points,ci95_bca_low,ci95_bca_high,ci90_bca_low,ci90_bca_high,ci95_percentile_low,ci95_percentile_high,ci90_percentile_low,ci90_percentile_high,percentile_conclusion_differs,percentile_equivalence_differs,equivalence_margin,equivalent,meaningful_gain_excluded,interpretation,bootstrap_replicates,seed,word_gleu_source_policy
DeepSeek,NLPCC2018,nlpcc2018,test,word_gleu,D-R,2000,2000,source sentence,63.85692856406989,60.066728838792095,-3.7901997252777946,-4.893385343355151,-2.70628673402118,-4.717828176340126,-2.87561293757631,-4.8903028339747525,-2.7035768125844264,-4.716113115591877,-2.873563023241953,False,,,,,evidence of deterioration,50000,20260915,condition
DeepSeek,NLPCC2018,nlpcc2018,test,word_gleu,P-D,2000,2000,source sentence,60.066728838792095,59.925352451834044,-0.14137638695805066,-0.35594090344332263,0.04982440215068833,-0.319116491655385,0.019031895672821826,-0.347979143998765,0.05639150212608008,-0.31234256556185996,0.024986592236717495,False,,,,,inconclusive,50000,20260915,condition
DeepSeek,NLPCC2018,nlpcc2018,test,word_gleu,I-P,2000,2000,source sentence,59.925352451834044,59.89200415455639,-0.03334829727765509,-0.1474436799456113,0.09300706465275782,-0.12889242435360773,0.07059988903719203,-0.15115821141020502,0.08915011294071755,-0.13160362710511248,0.0671127832374225,False,,,,,inconclusive,50000,20260915,condition
DeepSeek,MuCGEC,mucgec,test,word_gleu,D-R,6000,6000,source sentence,67.5398710236558,64.72805087441634,-2.811820149239466,-3.408145103969407,-2.22775462445481,-3.307686970159006,-2.3197671590037214,-3.404205094534679,-2.2247023186653156,-3.304649134948852,-2.317090067137775,False,,,,,evidence of deterioration,50000,20260915,condition
DeepSeek,MuCGEC,mucgec,test,word_gleu,P-D,6000,6000,source sentence,64.72805087441634,64.4758296167988,-0.2522212576175349,-0.36434366057833056,-0.14022715802574665,-0.34560864957406057,-0.15816736191109276,-0.36434918552647005,-0.14024366908509417,-0.3457524521656767,-0.1583300420848042,False,,,,,evidence of deterioration,50000,20260915,condition
DeepSeek,MuCGEC,mucgec,test,word_gleu,I-P,6000,6000,source sentence,64.4758296167988,64.49653187460342,0.020702257804614987,-0.048953355692260725,0.0918434655494851,-0.03774271462065933,0.08000699497042428,-0.04931197816529418,0.09160429591284708,-0.0378800399065875,0.07985313820939996,False,,,,,inconclusive,50000,20260915,condition
DeepSeek,YACLC,yaclc,validation,word_gleu,D-R,1000,1000,source sentence,73.07228855007989,74.5372407054077,1.4649521553278078,0.023519284409975326,2.8227709717763143,0.2639200921921188,2.6092782506132477,0.055572407919618025,2.851489427988009,0.28791786369846933,2.6369656780222113,False,,,,,evidence of improvement,50000,20260915,condition
DeepSeek,YACLC,yaclc,validation,word_gleu,P-D,1000,1000,source sentence,74.5372407054077,74.38078634135518,-0.15645436405252156,-0.527940331712263,0.10884426280795004,-0.4605467884898838,0.06924812387497155,-0.4844098752044824,0.13712221019084253,-0.4267421571891299,0.09316261003198983,False,,,,,inconclusive,50000,20260915,condition
DeepSeek,YACLC,yaclc,validation,word_gleu,I-P,1000,1000,source sentence,74.38078634135518,74.3511000427672,-0.029686298587975557,-0.28366569854492313,0.3082591926833411,-0.24459605044917343,0.24795849050374466,-0.30765077936207996,0.27568019424739254,-0.26372295470904505,0.22062107714368,False,,,,,inconclusive,50000,20260915,condition
DeepSeek,FlaCGEC,flacgec,test,word_gleu,D-R,1325,1325,source sentence,77.3008675756112,72.77803011308522,-4.522837462525985,-5.673548246826579,-3.449468330550478,-5.486638368245406,-3.6221146576754437,-5.647924362084364,-3.4209631985250772,-5.461619527405205,-3.5980889298206242,False,,,,,evidence of deterioration,50000,20260915,condition
DeepSeek,FlaCGEC,flacgec,test,word_gleu,P-D,1325,1325,source sentence,72.77803011308522,72.48081312799738,-0.297216985087843,-0.5023462222325643,-0.08618786608108306,-0.4676952098178051,-0.12040957559250813,-0.5044920621026512,-0.08830616509127356,-0.46949463717402257,-0.1219237600215737,False,,,,,evidence of deterioration,50000,20260915,condition
DeepSeek,FlaCGEC,flacgec,test,word_gleu,I-P,1325,1325,source sentence,72.48081312799738,72.51431635488524,0.03350322688785923,-0.11977983921425768,0.15334700867320145,-0.0926313977202492,0.1343023814483116,-0.10559881680864719,0.16315635660556793,-0.08235681571916606,0.14290730823747538,False,,,,,inconclusive,50000,20260915,condition
DeepSeek,FCGEC,fcgec,validation,word_gleu,D-R,2000,2000,source sentence,87.2747226360595,88.56986749438452,1.2951448583250311,0.7832726251051061,1.7795504884623152,0.8666266417917952,1.704472715825607,0.79152286954318,1.787413968653587,0.8740180389665821,1.7118468211300164,False,,,,,evidence of improvement,50000,20260915,condition
DeepSeek,FCGEC,fcgec,validation,word_gleu,P-D,2000,2000,source sentence,88.56986749438452,88.38849679214596,-0.1813707022385671,-0.2745162460731258,-0.09030712065146458,-0.2600284478927063,-0.10454781013842411,-0.2737706694665675,-0.0899100381132862,-0.259620047837245,-0.10418024324308252,False,,,,,evidence of deterioration,50000,20260915,condition
DeepSeek,FCGEC,fcgec,validation,word_gleu,I-P,2000,2000,source sentence,88.38849679214596,88.35989257184615,-0.0286042202998118,-0.08889553802502784,0.0220217646742228,-0.07867521569663019,0.01404614711371884,-0.08574582711050376,0.024505673361407496,-0.07608783940160499,0.016052210056424935,False,,,,,inconclusive,50000,20260915,condition
DeepSeek,NaCGEC,nacgec,test,word_gleu,D-R,5869,5869,source sentence,84.71125140714364,83.19941441370635,-1.511836993437285,-1.832722478349959,-1.192802716892045,-1.7801462181227732,-1.2471323799784697,-1.8316908851087585,-1.1914873615603123,-1.7791616303174165,-1.2462208794026939,False,,,,,evidence of deterioration,50000,20260915,condition
DeepSeek,NaCGEC,nacgec,test,word_gleu,P-D,5869,5869,source sentence,83.19941441370635,83.0583244850104,-0.14108992869594772,-0.19386967107819522,-0.0875771981313744,-0.18534091707852274,-0.09603372658512503,-0.1941908548961194,-0.08795456145545197,-0.1857705331973505,-0.09643474230878094,False,,,,,evidence of deterioration,50000,20260915,condition
DeepSeek,NaCGEC,nacgec,test,word_gleu,I-P,5869,5869,source sentence,83.0583244850104,83.0139719779232,-0.04435250708719707,-0.08225620140340317,-0.01368916246918597,-0.07538749191150933,-0.018286549229920575,-0.07966324971951483,-0.011821579889065417,-0.07344752063052393,-0.01676911233536805,False,,,,,evidence of deterioration,50000,20260915,condition
DeepSeek,NaSGEC-Exam,nasgec_exam,test,word_gleu,D-R,2000,2000,source sentence,86.4035181745213,86.95253014801251,0.5490119734912184,0.03252327820525055,1.0617431654705112,0.11658508444722136,0.9821888692050145,0.033980587016153675,1.0632701792770705,0.11741910579079243,0.9835764329712262,False,,,,,evidence of improvement,50000,20260915,condition
DeepSeek,NaSGEC-Exam,nasgec_exam,test,word_gleu,P-D,2000,2000,source sentence,86.95253014801251,86.81005990864857,-0.14247023936394498,-0.2461349191822922,-0.04920524284458899,-0.22878702281248633,-0.06373062832003513,-0.24268741238992378,-0.04620828920866752,-0.22555974666119502,-0.061551461207645,False,,,,,evidence of deterioration,50000,20260915,condition
DeepSeek,NaSGEC-Exam,nasgec_exam,test,word_gleu,I-P,2000,2000,source sentence,86.81005990864857,86.80992527826133,-0.0001346303872367116,-0.06424181737702625,0.07350755630744349,-0.05458252720487897,0.0614602809576047,-0.06738426022733124,0.07021788920883751,-0.0568312803762175,0.05853196292884237,False,,,,,inconclusive,50000,20260915,condition
DeepSeek,CEFE Track 3,cefe_track3,validation,word_gleu,D-R,19,19,source sentence,74.31144169338421,68.67325434972632,-5.63818734365789,,,,,,,,,,,,,,descriptive only (n=19),0,20260915,condition
DeepSeek,CEFE Track 3,cefe_track3,validation,word_gleu,P-D,19,19,source sentence,68.67325434972632,68.59108483690527,-0.08216951282105356,,,,,,,,,,,,,,descriptive only (n=19),0,20260915,condition
DeepSeek,CEFE Track 3,cefe_track3,validation,word_gleu,I-P,19,19,source sentence,68.59108483690527,68.59108483690527,0.0,,,,,,,,,,,,,,descriptive only (n=19),0,20260915,condition
Kimi,NLPCC2018,nlpcc2018,test,word_gleu,D-R,2000,2000,source sentence,63.31070752236617,59.53040823272718,-3.7802992896389895,-4.7765791469762,-2.7956377647630646,-4.605902346341224,-2.954841804506998,-4.775674359656035,-2.794846026861225,-4.6063832756545064,-2.9564397975427235,False,,,,,evidence of deterioration,50000,20260915,condition
Kimi,NLPCC2018,nlpcc2018,test,word_gleu,P-D,2000,2000,source sentence,59.53040823272718,59.31174170020661,-0.21866653252057233,-0.43974768876702847,-0.022181828422239834,-0.40311434007686975,-0.05403425964081765,-0.42907550753402257,-0.013349599051106179,-0.3950208185589625,-0.046631595367805166,False,,,,,evidence of deterioration,50000,20260915,condition
Kimi,NLPCC2018,nlpcc2018,test,word_gleu,I-P,2000,2000,source sentence,59.31174170020661,59.300609698285776,-0.011132001920834966,-0.13142627606141682,0.1126432977255016,-0.11175927468852806,0.09243084526774807,-0.1335587656902162,0.11037198381871755,-0.11332930041790248,0.09044769883474249,False,,,,,inconclusive,50000,20260915,condition
Kimi,MuCGEC,mucgec,test,word_gleu,D-R,6000,6000,source sentence,66.69736712875772,62.9617509329391,-3.735616195818622,-4.263845170091333,-3.2120947066199412,-4.176656189325423,-3.2967510746364024,-4.263473683681858,-3.2119372803460715,-4.176917154733919,-3.2970444050426546,False,,,,,evidence of deterioration,50000,20260915,condition
Kimi,MuCGEC,mucgec,test,word_gleu,P-D,6000,6000,source sentence,62.9617509329391,62.709511441367674,-0.252239491571423,-0.36098899006840796,-0.15096492574627618,-0.3436105205121179,-0.16683746793022491,-0.35832075813398423,-0.14912984410733615,-0.3416845508471959,-0.16507418481793423,False,,,,,evidence of deterioration,50000,20260915,condition
Kimi,MuCGEC,mucgec,test,word_gleu,I-P,6000,6000,source sentence,62.709511441367674,62.64776835467198,-0.061743086695692284,-0.12164919457426739,-0.008427365752853484,-0.1115999416612112,-0.016738313003610086,-0.11910704264874666,-0.006509064474457904,-0.10936594586092499,-0.014968447041852503,False,,,,,evidence of deterioration,50000,20260915,condition
Kimi,YACLC,yaclc,validation,word_gleu,D-R,1000,1000,source sentence,74.14710609749788,73.06212464035524,-1.0849814571426464,-2.4058510730063447,0.23014252617868447,-2.196295168594499,0.017150857343019705,-2.4038701868857477,0.23299560131882763,-2.1946787418816505,0.01749281820427525,False,,,,,inconclusive,50000,20260915,condition
Kimi,YACLC,yaclc,validation,word_gleu,P-D,1000,1000,source sentence,73.06212464035524,72.73323179122406,-0.32889284913117933,-0.7878531824683066,-0.015765605905899795,-0.7044027095102912,-0.0615468160336605,-0.7256283173841149,0.024685230372810094,-0.6570870984320948,-0.02807667961447499,True,,,,,evidence of deterioration,50000,20260915,condition
Kimi,YACLC,yaclc,validation,word_gleu,I-P,1000,1000,source sentence,72.73323179122406,72.56903116946204,-0.16420062176202066,-0.3399784321740563,-0.009857948415118844,-0.3095071358125496,-0.03418529938851404,-0.3321098379199776,-0.004192119419242406,-0.30358653220615,-0.029084301249215034,False,,,,,evidence of deterioration,50000,20260915,condition
Kimi,FlaCGEC,flacgec,test,word_gleu,D-R,1325,1325,source sentence,73.1094349545729,68.9353543013914,-4.174080653181505,-5.247165703280307,-3.1268439600235793,-5.074937568723614,-3.2921387516062373,-5.243182621639566,-3.1232485578567424,-5.074946337436146,-3.292177030167217,False,,,,,evidence of deterioration,50000,20260915,condition
Kimi,FlaCGEC,flacgec,test,word_gleu,P-D,1325,1325,source sentence,68.9353543013914,68.57409711089896,-0.361257190492438,-0.6280764474164146,-0.11806554035634355,-0.5828025526560411,-0.1561051697910077,-0.617289071015304,-0.109971202069449,-0.5752309892012264,-0.14863327672462268,False,,,,,evidence of deterioration,50000,20260915,condition
Kimi,FlaCGEC,flacgec,test,word_gleu,I-P,1325,1325,source sentence,68.57409711089896,68.56875691148585,-0.0053401994131121455,-0.2411241525075796,0.1494455972881361,-0.19538288574360024,0.12600732520024,-0.20371606729221317,0.16994302356295857,-0.16927483799937737,0.14358865520266034,False,,,,,inconclusive,50000,20260915,condition
Kimi,FCGEC,fcgec,validation,word_gleu,D-R,2000,2000,source sentence,86.12460850327352,85.83376376937775,-0.29084473389576715,-0.7785246211454401,0.1836530565769147,-0.7009838709689119,0.10584054820051292,-0.772475265778985,0.188787015581024,-0.6968214675148354,0.10920597506326718,False,,,,,inconclusive,50000,20260915,condition
Kimi,FCGEC,fcgec,validation,word_gleu,P-D,2000,2000,source sentence,85.83376376937775,85.66140001500227,-0.1723637543754819,-0.27103456752690047,-0.05737636944785161,-0.25564433831429234,-0.07738399803226761,-0.27579123348551493,-0.06384526832165371,-0.2597891317223275,-0.08226983901216503,False,,,,,evidence of deterioration,50000,20260915,condition
Kimi,FCGEC,fcgec,validation,word_gleu,I-P,2000,2000,source sentence,85.66140001500227,85.63389621257173,-0.02750380243054451,-0.09001677137467892,0.01601679143014999,-0.07821689329680845,0.009669284080415229,-0.08189282951902002,0.020865286702103743,-0.07219287752086252,0.013584066449322476,False,,,,,inconclusive,50000,20260915,condition
Kimi,NaCGEC,nacgec,test,word_gleu,D-R,5869,5869,source sentence,83.70354170676404,80.57821441254816,-3.1253272942158787,-3.446865193064226,-2.8044698946864868,-3.3951238490893485,-2.8558440906225715,-3.444951591626822,-2.802979680398048,-3.3935273699246,-2.854620491316818,False,,,,,evidence of deterioration,50000,20260915,condition
Kimi,NaCGEC,nacgec,test,word_gleu,P-D,5869,5869,source sentence,80.57821441254816,80.44012293168899,-0.138091480859174,-0.21342774553450145,-0.0676387240486906,-0.20087696779039044,-0.07869116251326087,-0.2115376852255836,-0.06564241457120207,-0.19932501793745183,-0.0771642058498049,False,,,,,evidence of deterioration,50000,20260915,condition
Kimi,NaCGEC,nacgec,test,word_gleu,I-P,5869,5869,source sentence,80.44012293168899,80.43289239166278,-0.007230540026213816,-0.04538666152314632,0.044735599274943465,-0.0395232373349724,0.035735738288552324,-0.04958313231994166,0.03923588706770105,-0.043028046983711876,0.030893189904307363,False,,,,,inconclusive,50000,20260915,condition
Kimi,NaSGEC-Exam,nasgec_exam,test,word_gleu,D-R,2000,2000,source sentence,85.72976563693283,84.10529145734284,-1.6244741795899813,-2.1606417171867753,-1.1199450842098304,-2.0695965266233127,-1.2027669923611573,-2.1478607532615706,-1.1104215078357482,-2.0613813429418393,-1.1945725381346104,False,,,,,evidence of deterioration,50000,20260915,condition
Kimi,NaSGEC-Exam,nasgec_exam,test,word_gleu,P-D,2000,2000,source sentence,84.10529145734284,83.92760753649891,-0.1776839208439327,-0.27265906075129726,-0.09090664053959045,-0.2568370570915437,-0.10459784625358495,-0.26947058162142135,-0.08830659133946253,-0.25446890170117753,-0.10252244894038764,False,,,,,evidence of deterioration,50000,20260915,condition
Kimi,NaSGEC-Exam,nasgec_exam,test,word_gleu,I-P,2000,2000,source sentence,83.92760753649891,83.89340623509871,-0.034201301400202055,-0.07500049819764171,0.014586759072002816,-0.06806667695037857,0.006094161405372997,-0.07732353483716875,0.011605185349600023,-0.0701939443063025,0.003581198105109917,False,,,,,inconclusive,50000,20260915,condition
Kimi,CEFE Track 3,cefe_track3,validation,word_gleu,D-R,19,19,source sentence,70.54640291104738,68.6415818081579,-1.9048211028894855,,,,,,,,,,,,,,descriptive only (n=19),0,20260915,condition
Kimi,CEFE Track 3,cefe_track3,validation,word_gleu,P-D,19,19,source sentence,68.6415818081579,68.05258791594737,-0.5889938922105245,,,,,,,,,,,,,,descriptive only (n=19),0,20260915,condition
Kimi,CEFE Track 3,cefe_track3,validation,word_gleu,I-P,19,19,source sentence,68.05258791594737,68.05258791594737,0.0,,,,,,,,,,,,,,descriptive only (n=19),0,20260915,condition
