dataset	split	sentences	references	multi_reference_sentences	stage	gleu_select_best	gleu_select_best_x100
nlpcc2018	test	2000	2183	183	T0	0.730065536227	73.006554
nlpcc2018	test	2000	2183	183	T1	0.705353776481	70.535378
nlpcc2018	test	2000	2183	183	T2	0.704094701729	70.409470
nlpcc2018	test	2000	2183	183	T3	0.704668792407	70.466879
mucgec	test	6000	13119	4268	T0	0.755396599816	75.539660
mucgec	test	6000	13119	4268	T1	0.731331401942	73.133140
mucgec	test	6000	13119	4268	T2	0.730658121412	73.065812
mucgec	test	6000	13119	4268	T3	0.730878193083	73.087819
yaclc	validation	1000	8931	1000	T0	0.812233421512	81.223342
yaclc	validation	1000	8931	1000	T1	0.804214396712	80.421440
yaclc	validation	1000	8931	1000	T2	0.801813055779	80.181306
yaclc	validation	1000	8931	1000	T3	0.801867240069	80.186724
flacgec	test	1325	1325	0	T0	0.811230483814	81.123048
flacgec	test	1325	1325	0	T1	0.784794396379	78.479440
flacgec	test	1325	1325	0	T2	0.784846673324	78.484667
flacgec	test	1325	1325	0	T3	0.785274198084	78.527420
fcgec	validation	2000	2550	351	T0	0.909540310151	90.954031
fcgec	validation	2000	2550	351	T1	0.908066886081	90.806689
fcgec	validation	2000	2550	351	T2	0.908582957513	90.858296
fcgec	validation	2000	2550	351	T3	0.908497935003	90.849794
nacgec	test	5869	6978	1083	T0	0.889859849219	88.985985
nacgec	test	5869	6978	1083	T1	0.871268395785	87.126840
nacgec	test	5869	6978	1083	T2	0.871540306080	87.154031
nacgec	test	5869	6978	1083	T3	0.871590722483	87.159072
nasgec_exam	test	2000	2895	819	T0	0.904261103031	90.426110
nasgec_exam	test	2000	2895	819	T1	0.893982781670	89.398278
nasgec_exam	test	2000	2895	819	T2	0.894020533466	89.402053
nasgec_exam	test	2000	2895	819	T3	0.894042418116	89.404242
cefe_track3	validation	19	19	0	T0	0.815440340567	81.544034
cefe_track3	validation	19	19	0	T1	0.805657960240	80.565796
cefe_track3	validation	19	19	0	T2	0.804473212486	80.447321
cefe_track3	validation	19	19	0	T3	0.804473212486	80.447321
