dataset	commit	origin
cctc	945d5a03a902	https://github.com/destwang/CTCResources.git
cefe	db121b8cae3e	https://github.com/cubenlp/2023CCL_CEFE.git
cgecdata	19daf271e3d9	https://github.com/SUDA-LA/CGECData.git
fcgec	851cfb043e9c	https://github.com/xlxwalex/FCGEC.git
flacgec	79850e3fe3b6	https://github.com/hyDududu/FlaCGEC.git
mcscset	634959500b4c	https://github.com/yzhihao/MCSCSet.git
mucgec	39221934ee4c	https://github.com/HillZhang1999/MuCGEC.git
nacgec	da54f1e3ccb9	https://github.com/masr2000/NaCGEC.git
nasgec	13044f16a68b	https://github.com/HillZhang1999/NaSGEC.git
nlpcc2018	6cd5ecad110f	https://github.com/zhaoyyoo/NLPCC2018_GEC.git
scoreboard	d544bf8ed302	https://github.com/julianli00/scoreboard.git
yaclc	bf17c54e8f55	https://github.com/blcuicall/YACLC.git
