dataset	split	sentences	round	beta	TP	FP	FN	Prec	Rec	F_beta
nlpcc2018	test	2000	T0	0.5	1505	2741	2615	0.3545	0.3653	0.3566
nlpcc2018	test	2000	T0	1.0	1505	2741	2615	0.3545	0.3653	0.3598
nlpcc2018	test	2000	T0	2.0	1504	2742	2613	0.3542	0.3653	0.363
nlpcc2018	test	2000	T1	0.5	1236	2158	2868	0.3642	0.3012	0.3495
nlpcc2018	test	2000	T1	1.0	1236	2158	2868	0.3642	0.3012	0.3297
nlpcc2018	test	2000	T1	2.0	1236	2158	2868	0.3642	0.3012	0.312
nlpcc2018	test	2000	T2	0.5	1228	2122	2876	0.3666	0.2992	0.3508
nlpcc2018	test	2000	T2	1.0	1228	2122	2876	0.3666	0.2992	0.3295
nlpcc2018	test	2000	T2	2.0	1228	2122	2876	0.3666	0.2992	0.3106
nlpcc2018	test	2000	T3	0.5	1234	2124	2870	0.3675	0.3007	0.3518
nlpcc2018	test	2000	T3	1.0	1234	2124	2870	0.3675	0.3007	0.3307
nlpcc2018	test	2000	T3	2.0	1234	2124	2870	0.3675	0.3007	0.312
mucgec	test	6000	T0	0.5	6824	8663	10986	0.4406	0.3832	0.4278
mucgec	test	6000	T0	1.0	6802	8685	10855	0.4392	0.3852	0.4105
mucgec	test	6000	T0	2.0	6749	8738	10693	0.4358	0.3869	0.3958
mucgec	test	6000	T1	0.5	5377	5890	11977	0.4772	0.3098	0.4307
mucgec	test	6000	T1	1.0	5363	5904	11902	0.476	0.3106	0.3759
mucgec	test	6000	T1	2.0	5328	5939	11762	0.4729	0.3118	0.3346
mucgec	test	6000	T2	0.5	5343	5814	12007	0.4789	0.308	0.431
mucgec	test	6000	T2	1.0	5328	5829	11920	0.4775	0.3089	0.3751
mucgec	test	6000	T2	2.0	5296	5861	11798	0.4747	0.3098	0.3329
mucgec	test	6000	T3	0.5	5353	5848	12011	0.4779	0.3083	0.4305
mucgec	test	6000	T3	1.0	5334	5867	11901	0.4762	0.3095	0.3752
mucgec	test	6000	T3	2.0	5297	5904	11768	0.4729	0.3104	0.3333
yaclc	validation	1000	T0	0.5	1609	973	1208	0.6232	0.5712	0.612
yaclc	validation	1000	T0	1.0	1560	1022	1030	0.6042	0.6023	0.6032
yaclc	validation	1000	T0	2.0	1452	1130	825	0.5624	0.6377	0.621
yaclc	validation	1000	T1	0.5	1295	691	1201	0.6521	0.5188	0.6202
yaclc	validation	1000	T1	1.0	1251	735	1046	0.6299	0.5446	0.5842
yaclc	validation	1000	T1	2.0	1154	832	867	0.5811	0.571	0.573
yaclc	validation	1000	T2	0.5	1274	691	1190	0.6483	0.517	0.617
yaclc	validation	1000	T2	1.0	1234	731	1051	0.628	0.54	0.5807
yaclc	validation	1000	T2	2.0	1132	833	863	0.5761	0.5674	0.5691
yaclc	validation	1000	T3	0.5	1281	695	1203	0.6483	0.5157	0.6166
yaclc	validation	1000	T3	1.0	1240	736	1061	0.6275	0.5389	0.5798
yaclc	validation	1000	T3	2.0	1135	841	867	0.5744	0.5669	0.5684
flacgec	test	1325	T0	0.5	865	1929	1485	0.3096	0.3681	0.3198
flacgec	test	1325	T0	1.0	865	1929	1485	0.3096	0.3681	0.3363
flacgec	test	1325	T0	2.0	865	1929	1485	0.3096	0.3681	0.3547
flacgec	test	1325	T1	0.5	752	1797	1598	0.295	0.32	0.2997
flacgec	test	1325	T1	1.0	752	1797	1598	0.295	0.32	0.307
flacgec	test	1325	T1	2.0	752	1797	1598	0.295	0.32	0.3147
flacgec	test	1325	T2	0.5	763	1766	1587	0.3017	0.3247	0.306
flacgec	test	1325	T2	1.0	763	1766	1587	0.3017	0.3247	0.3128
flacgec	test	1325	T2	2.0	763	1766	1587	0.3017	0.3247	0.3198
flacgec	test	1325	T3	0.5	765	1772	1585	0.3015	0.3255	0.306
flacgec	test	1325	T3	1.0	765	1772	1585	0.3015	0.3255	0.3131
flacgec	test	1325	T3	2.0	765	1772	1585	0.3015	0.3255	0.3204
fcgec	validation	2000	T0	0.5	487	2906	773	0.1435	0.3865	0.1642
fcgec	validation	2000	T0	1.0	487	2906	773	0.1435	0.3865	0.2093
fcgec	validation	2000	T0	2.0	487	2906	773	0.1435	0.3865	0.2887
fcgec	validation	2000	T1	0.5	324	2322	936	0.1224	0.2571	0.1368
fcgec	validation	2000	T1	1.0	324	2322	936	0.1224	0.2571	0.1659
fcgec	validation	2000	T1	2.0	324	2322	936	0.1224	0.2571	0.2108
fcgec	validation	2000	T2	0.5	325	2296	937	0.124	0.2575	0.1383
fcgec	validation	2000	T2	1.0	325	2296	937	0.124	0.2575	0.1674
fcgec	validation	2000	T2	2.0	325	2296	937	0.124	0.2575	0.2119
fcgec	validation	2000	T3	0.5	324	2310	936	0.123	0.2571	0.1373
fcgec	validation	2000	T3	1.0	324	2310	936	0.123	0.2571	0.1664
fcgec	validation	2000	T3	2.0	324	2310	936	0.123	0.2571	0.2111
nacgec	test	5869	T0	0.5	2793	8265	3910	0.2526	0.4167	0.2742
nacgec	test	5869	T0	1.0	2793	8265	3910	0.2526	0.4167	0.3145
nacgec	test	5869	T0	2.0	2793	8265	3910	0.2526	0.4167	0.3688
nacgec	test	5869	T1	0.5	1903	7146	4794	0.2103	0.2842	0.2218
nacgec	test	5869	T1	1.0	1903	7146	4794	0.2103	0.2842	0.2417
nacgec	test	5869	T1	2.0	1903	7146	4794	0.2103	0.2842	0.2655
nacgec	test	5869	T2	0.5	1891	7110	4807	0.2101	0.2823	0.2214
nacgec	test	5869	T2	1.0	1891	7110	4807	0.2101	0.2823	0.2409
nacgec	test	5869	T2	2.0	1891	7110	4807	0.2101	0.2823	0.2642
nacgec	test	5869	T3	0.5	1905	7119	4796	0.2111	0.2843	0.2226
nacgec	test	5869	T3	1.0	1905	7119	4796	0.2111	0.2843	0.2423
nacgec	test	5869	T3	2.0	1905	7119	4796	0.2111	0.2843	0.2659
nasgec_exam	test	2000	T0	0.5	882	2702	979	0.2461	0.4739	0.2723
nasgec_exam	test	2000	T0	1.0	882	2702	979	0.2461	0.4739	0.324
nasgec_exam	test	2000	T0	2.0	879	2705	970	0.2453	0.4754	0.4003
nasgec_exam	test	2000	T1	0.5	584	2208	1251	0.2092	0.3183	0.2246
nasgec_exam	test	2000	T1	1.0	584	2208	1251	0.2092	0.3183	0.2524
nasgec_exam	test	2000	T1	2.0	583	2209	1247	0.2088	0.3186	0.2883
nasgec_exam	test	2000	T2	0.5	577	2189	1255	0.2086	0.315	0.2237
nasgec_exam	test	2000	T2	1.0	577	2189	1255	0.2086	0.315	0.251
nasgec_exam	test	2000	T2	2.0	576	2190	1251	0.2082	0.3153	0.2859
nasgec_exam	test	2000	T3	0.5	582	2203	1253	0.209	0.3172	0.2243
nasgec_exam	test	2000	T3	1.0	582	2203	1253	0.209	0.3172	0.2519
nasgec_exam	test	2000	T3	2.0	581	2204	1249	0.2086	0.3175	0.2875
cefe_track3	validation	19	T0	0.5	17	35	27	0.3269	0.3864	0.3373
cefe_track3	validation	19	T0	1.0	17	35	27	0.3269	0.3864	0.3542
cefe_track3	validation	19	T0	2.0	17	35	27	0.3269	0.3864	0.3728
cefe_track3	validation	19	T1	0.5	14	27	30	0.3415	0.3182	0.3365
cefe_track3	validation	19	T1	1.0	14	27	30	0.3415	0.3182	0.3294
cefe_track3	validation	19	T1	2.0	14	27	30	0.3415	0.3182	0.3226
cefe_track3	validation	19	T2	0.5	13	28	31	0.3171	0.2955	0.3125
cefe_track3	validation	19	T2	1.0	13	28	31	0.3171	0.2955	0.3059
cefe_track3	validation	19	T2	2.0	13	28	31	0.3171	0.2955	0.2995
cefe_track3	validation	19	T3	0.5	13	28	31	0.3171	0.2955	0.3125
cefe_track3	validation	19	T3	1.0	13	28	31	0.3171	0.2955	0.3059
cefe_track3	validation	19	T3	2.0	13	28	31	0.3171	0.2955	0.2995
