model,dataset,dataset_key,split,metric,contrast,n_sentences,n_clusters,resampling_unit,earlier_score,later_score,delta_points,ci95_bca_low,ci95_bca_high,ci90_bca_low,ci90_bca_high,ci95_percentile_low,ci95_percentile_high,ci90_percentile_low,ci90_percentile_high,percentile_conclusion_differs,percentile_equivalence_differs,equivalence_margin,equivalent,meaningful_gain_excluded,interpretation,bootstrap_replicates,seed
DeepSeek,NLPCC2018,nlpcc2018,test,character_f05,D-R,2000,2000,source sentence,34.216007140731925,39.868395587381464,5.652388446649539,4.073601690103078,7.252805732667457,4.329439073717461,6.992057321921538,4.060000799179202,7.238097536062233,4.315474063917055,6.9773911829342605,False,,,,,evidence of improvement,50000,20260915
DeepSeek,NLPCC2018,nlpcc2018,test,character_f05,P-D,2000,2000,source sentence,39.868395587381464,39.76136730087069,-0.10702828651077567,-0.41727397931701476,0.19831131695772794,-0.3673222699803643,0.14871539068172127,-0.41568566437499643,0.19979249786247547,-0.3659214162516967,0.15024693931459152,False,False,0.5,True,True,practically equivalent,50000,20260915
DeepSeek,NLPCC2018,nlpcc2018,test,character_f05,I-P,2000,2000,source sentence,39.76136730087069,39.71617543183715,-0.04519186903353756,-0.2505809187516637,0.1155392555208027,-0.21437985038197335,0.09072168444038264,-0.2332141866429504,0.1294489408086642,-0.19968048193198448,0.10186815942542105,False,False,0.5,True,True,practically equivalent,50000,20260915
DeepSeek,MuCGEC,mucgec,test,character_f05,D-R,6000,6000,source sentence,41.214738623501354,48.17278602860286,6.958047405101503,6.096728595314577,7.808277387230509,6.230781786645673,7.670909958489566,6.1027899586343,7.8147700501919735,6.235593900642301,7.675712158596207,False,,,,,evidence of improvement,50000,20260915
DeepSeek,MuCGEC,mucgec,test,character_f05,P-D,6000,6000,source sentence,48.17278602860286,48.144441952347265,-0.028344076255592654,-0.22048348213965785,0.16099135602838444,-0.1907707588001677,0.13086733924766855,-0.21913039070248208,0.1624707498493274,-0.18963283000294878,0.1318885553659185,False,False,0.5,True,True,practically equivalent,50000,20260915
DeepSeek,MuCGEC,mucgec,test,character_f05,I-P,6000,6000,source sentence,48.144441952347265,48.1094929417631,-0.034949010584163887,-0.13591966533834107,0.06962969223730052,-0.12022082092481676,0.05287782935986334,-0.1367325717622421,0.06860897858709301,-0.12096774688740197,0.05196130325417334,False,False,0.5,True,True,practically equivalent,50000,20260915
DeepSeek,YACLC,yaclc,validation,character_f05,D-R,1000,1000,source sentence,57.586016305098795,62.95630092053751,5.370284615438713,3.2731707723299035,7.410967485200673,3.6104180833125277,7.090787610427304,3.284163864761532,7.420333892586288,3.6160406330270622,7.099185414282178,False,,,,,evidence of improvement,50000,20260915
DeepSeek,YACLC,yaclc,validation,character_f05,P-D,1000,1000,source sentence,62.95630092053751,63.04812834224599,0.09182742170848002,-0.4821896933502486,0.6763824932054572,-0.3896300895967957,0.5775420077450595,-0.4874220912676714,0.6713367132106907,-0.3934728432462812,0.5741382661072953,False,False,0.5,False,False,inconclusive,50000,20260915
DeepSeek,YACLC,yaclc,validation,character_f05,I-P,1000,1000,source sentence,63.04812834224599,62.971222257619196,-0.07690608462679194,-0.5540898406767066,0.2920808434418164,-0.46818785689602804,0.23622932349314274,-0.5125657005446589,0.32186376813717055,-0.43394085949609645,0.2595472181220298,False,False,0.5,True,True,practically equivalent,50000,20260915
DeepSeek,FlaCGEC,flacgec,test,character_f05,D-R,1325,1325,source sentence,43.09904697072839,43.889578163771716,0.7905311930433285,-1.035796727998274,2.5736619197773036,-0.7352595212577361,2.2914661025320027,-1.0159802490258028,2.594095153601114,-0.719749565459281,2.308390352803034,False,,,,,inconclusive,50000,20260915
DeepSeek,FlaCGEC,flacgec,test,character_f05,P-D,1325,1325,source sentence,43.889578163771716,44.05652535328346,0.16694718951174536,-0.41180167526288186,0.7199452995054446,-0.31148305817977034,0.6318998877679314,-0.403039717111257,0.7273846108974173,-0.30512364722105684,0.6377891153344035,False,False,0.5,False,False,inconclusive,50000,20260915
DeepSeek,FlaCGEC,flacgec,test,character_f05,I-P,1325,1325,source sentence,44.05652535328346,44.04171829822388,-0.014807055059584684,-0.3392716210593231,0.3483692321532165,-0.28596530561371886,0.28520989481544035,-0.3523811852250557,0.3330433413534428,-0.2969544095971187,0.27308556155447683,False,False,0.5,True,True,practically equivalent,50000,20260915
DeepSeek,FCGEC,fcgec,validation,character_f05,D-R,2000,2000,source sentence,20.4560697518444,23.626373626373624,3.1703038745292247,1.2172526178283356,5.154766098973689,1.5333486819810238,4.8408461889070615,1.2022237208680873,5.141504110773301,1.5162395181279547,4.824678625563014,False,,,,,evidence of improvement,50000,20260915
DeepSeek,FCGEC,fcgec,validation,character_f05,P-D,2000,2000,source sentence,23.626373626373624,23.78686964795433,0.16049602158070542,-0.1839243482271199,0.5090779912721497,-0.12493917728098836,0.4489568901962211,-0.1827008852625508,0.5102343816419281,-0.12410171877654488,0.4500293984315206,False,False,0.5,True,True,practically equivalent,50000,20260915
DeepSeek,FCGEC,fcgec,validation,character_f05,I-P,2000,2000,source sentence,23.78686964795433,23.685867170286436,-0.10100247766789394,-0.41848431065646774,0.22554076419067925,-0.36247186623587063,0.16901550249900454,-0.42337503650351527,0.21956914084449308,-0.36729435128756033,0.164764877608383,False,False,0.5,True,True,practically equivalent,50000,20260915
DeepSeek,NaCGEC,nacgec,test,character_f05,D-R,5869,5869,source sentence,31.764369595769516,32.74982610711801,0.9854565113484952,-0.13972409847703587,2.0859273097940165,0.03586981073588136,1.9055193995993547,-0.12441598688224387,2.0988532825569135,0.04887065083585419,1.9169317934727725,False,,,,,inconclusive,50000,20260915
DeepSeek,NaCGEC,nacgec,test,character_f05,P-D,5869,5869,source sentence,32.74982610711801,33.02970142862704,0.2798753215090315,0.10609458535896334,0.4776005079154473,0.1323291639882616,0.44414509279842324,0.10034676245801943,0.4696560349061102,0.1275278248283179,0.43823341578174424,False,False,0.5,True,True,practically equivalent,50000,20260915
DeepSeek,NaCGEC,nacgec,test,character_f05,I-P,5869,5869,source sentence,33.02970142862704,32.83414596393468,-0.19555546469236162,-0.36542832674966796,-0.06289823330029458,-0.3352705650857113,-0.08280321884081139,-0.35194465897515165,-0.05296219957708121,-0.32429138844450023,-0.07488992497127037,False,False,0.5,True,True,practically equivalent,50000,20260915
DeepSeek,NaSGEC-Exam,nasgec_exam,test,character_f05,D-R,2000,2000,source sentence,29.320871334891084,33.89948489489071,4.578613559999628,2.430798282371302,6.727756631341048,2.7699918742437384,6.36831236214317,2.4197096166201066,6.720067629195855,2.7592304032642985,6.358192753292397,False,,,,,evidence of improvement,50000,20260915
DeepSeek,NaSGEC-Exam,nasgec_exam,test,character_f05,P-D,2000,2000,source sentence,33.89948489489071,33.65723137586256,-0.24225351902815362,-0.9129062408943575,0.25182586774247495,-0.7889018740223033,0.17397835415653976,-0.8415309788273927,0.3006354802347571,-0.7332480945381125,0.21518090489028355,False,False,0.5,False,True,meaningful gain excluded; harm or uncertainty remains,50000,20260915
DeepSeek,NaSGEC-Exam,nasgec_exam,test,character_f05,I-P,2000,2000,source sentence,33.65723137586256,33.95277350845326,0.29554213259070394,-0.005181238817515586,0.8257930611728737,0.035064579337832684,0.7232686692572676,-0.05625508579625897,0.7161198798561083,-0.008549277653157003,0.6413326927422455,False,False,0.5,False,False,inconclusive,50000,20260915
DeepSeek,CEFE Track 3,cefe_track3,validation,character_f05,D-R,19,19,source sentence,46.666666666666664,43.35260115606936,-3.3140655105973025,,,,,,,,,,,,,,descriptive only (n=19),0,20260915
DeepSeek,CEFE Track 3,cefe_track3,validation,character_f05,P-D,19,19,source sentence,43.35260115606936,43.35260115606936,0.0,,,,,,,,,,,0.5,,,descriptive only (n=19),0,20260915
DeepSeek,CEFE Track 3,cefe_track3,validation,character_f05,I-P,19,19,source sentence,43.35260115606936,43.35260115606936,0.0,,,,,,,,,,,0.5,,,descriptive only (n=19),0,20260915
Kimi,NLPCC2018,nlpcc2018,test,character_f05,D-R,2000,2000,source sentence,36.66683929773681,36.73456517626285,0.06772587852604062,-1.3887121119069508,1.5158583828756822,-1.1519523514384584,1.2894326270198633,-1.3911587920857251,1.5140226173073386,-1.1545643037909437,1.2866561859227998,False,,,,,inconclusive,50000,20260915
Kimi,NLPCC2018,nlpcc2018,test,character_f05,P-D,2000,2000,source sentence,36.73456517626285,36.6596838697391,-0.07488130652374991,-0.4696610202525224,0.27657595723009065,-0.4040089395539728,0.2213564345333848,-0.45365669255793806,0.2903304023504367,-0.3904755901834811,0.2333779330321344,False,False,0.5,True,True,practically equivalent,50000,20260915
Kimi,NLPCC2018,nlpcc2018,test,character_f05,I-P,2000,2000,source sentence,36.6596838697391,36.79777059978466,0.13808673004556482,-0.049078771409414815,0.39816728067966456,-0.021573150171403054,0.35106771249261154,-0.0691695823538181,0.3661034074207977,-0.0374422629038399,0.3282906273182572,False,False,0.5,True,True,practically equivalent,50000,20260915
Kimi,MuCGEC,mucgec,test,character_f05,D-R,6000,6000,source sentence,43.174063790698,44.11552866609046,0.9414648753924624,0.08761067602322148,1.7728949097023197,0.22348626179467895,1.6405868512799742,0.09312860263828678,1.7777696222646775,0.22770141648237469,1.6457974234357855,False,,,,,evidence of improvement,50000,20260915
Kimi,MuCGEC,mucgec,test,character_f05,P-D,6000,6000,source sentence,44.11552866609046,44.189763522103966,0.07423485601350421,-0.19648847874481642,0.421562946951206,-0.15583864824110313,0.3597892138429186,-0.21832342330479104,0.3901376801993126,-0.1727121644623253,0.3362851174355967,False,False,0.5,True,True,practically equivalent,50000,20260915
Kimi,MuCGEC,mucgec,test,character_f05,I-P,6000,6000,source sentence,44.189763522103966,44.0881038133676,-0.10165970873636354,-0.2311391281534408,0.015205912201284458,-0.20965054402991598,-0.0027576766882560413,-0.226207113502446,0.01893520445282852,-0.2056919510797414,0.0008279990621573289,False,False,0.5,True,True,practically equivalent,50000,20260915
Kimi,YACLC,yaclc,validation,character_f05,D-R,1000,1000,source sentence,60.15584860421305,60.86294967938267,0.707101075169625,-1.1949229967470436,2.6254413417524,-0.8988905949461239,2.3318837336572775,-1.203655134274307,2.614456694243361,-0.9090959600452315,2.322167091812171,False,,,,,inconclusive,50000,20260915
Kimi,YACLC,yaclc,validation,character_f05,P-D,1000,1000,source sentence,60.86294967938267,60.39017974572556,-0.47276993365711206,-0.943441713878689,-0.07582312354992432,-0.8630545073687809,-0.13753600376322364,-0.9166939853103259,-0.055774960173553344,-0.8402544257800822,-0.12021860486912476,False,False,0.5,False,True,meaningful gain excluded; harm or uncertainty remains,50000,20260915
Kimi,YACLC,yaclc,validation,character_f05,I-P,1000,1000,source sentence,60.39017974572556,60.385159395060384,-0.00502035066517692,-0.24958083507681064,0.21841572780318913,-0.20621634226861327,0.18125001814612407,-0.2419259909131748,0.2252094223923571,-0.20009285808468996,0.1862973148139299,False,False,0.5,True,True,practically equivalent,50000,20260915
Kimi,FlaCGEC,flacgec,test,character_f05,D-R,1325,1325,source sentence,34.71202480013053,32.16863228304876,-2.54339251708177,-4.142639138970048,-0.9564033110392259,-3.887810786751499,-1.217208990574802,-4.130941759239201,-0.9460678101721367,-3.878901996708759,-1.2088894621397814,False,,,,,evidence of deterioration,50000,20260915
Kimi,FlaCGEC,flacgec,test,character_f05,P-D,1325,1325,source sentence,32.16863228304876,32.83767038413878,0.6690381010900239,0.18859055410818562,1.195728095232839,0.2668784645025268,1.1102254851648696,0.17573887869227445,1.1800078144158046,0.25382234356826955,1.0964266953790847,False,False,0.5,False,False,evidence of improvement,50000,20260915
Kimi,FlaCGEC,flacgec,test,character_f05,I-P,1325,1325,source sentence,32.83767038413878,32.88661611708693,0.04894573294814819,-0.23945757245440058,0.47109892714419777,-0.19661016209629734,0.39443395332849385,-0.27400672510553514,0.4129761375356183,-0.2263046839483028,0.35006155114967114,False,False,0.5,True,True,practically equivalent,50000,20260915
Kimi,FCGEC,fcgec,validation,character_f05,D-R,2000,2000,source sentence,18.51851851851852,15.4420098224405,-3.076508696078019,-4.412130255744513,-1.8176734148513607,-4.189492728282427,-2.020681176612523,-4.382321511014089,-1.7864545949258555,-4.165425698545616,-1.996808706934366,False,,,,,evidence of deterioration,50000,20260915
Kimi,FCGEC,fcgec,validation,character_f05,P-D,2000,2000,source sentence,15.4420098224405,15.627968839065174,0.18595901662467362,-0.12414684912492303,0.6741823030128715,-0.07812359597976976,0.5825424902613049,-0.1697252311950192,0.5926567437450246,-0.11741346600554295,0.5186873126314725,False,False,0.5,False,False,inconclusive,50000,20260915
Kimi,FCGEC,fcgec,validation,character_f05,I-P,2000,2000,source sentence,15.627968839065174,15.482954545454545,-0.1450142936106289,-0.6709148495082025,0.020303543464872176,-0.5486336117251733,0.004209805083312925,-0.45485688810596925,0.06413762094617725,-0.40036321755298854,0.040180463749516775,False,True,0.5,False,True,meaningful gain excluded; harm or uncertainty remains,50000,20260915
Kimi,NaCGEC,nacgec,test,character_f05,D-R,5869,5869,source sentence,28.704612365063788,23.429801358850682,-5.274811006213106,-6.094324447653216,-4.476759631475066,-5.961707297554139,-4.600786976289619,-6.091542775774985,-4.474996601882097,-5.959592016168928,-4.598199581500523,False,,,,,evidence of deterioration,50000,20260915
Kimi,NaCGEC,nacgec,test,character_f05,P-D,5869,5869,source sentence,23.429801358850682,23.44279384936148,0.012992490510796983,-0.15146448444585328,0.1815613837917304,-0.12529543841756854,0.15277626231650313,-0.15146405968939894,0.1815621416865971,-0.12489574467351261,0.1532518900333972,False,False,0.5,True,True,practically equivalent,50000,20260915
Kimi,NaCGEC,nacgec,test,character_f05,I-P,5869,5869,source sentence,23.44279384936148,23.480950153334373,0.038156303972893824,-0.05004199149703221,0.15010560517475774,-0.036252374889971996,0.13102135823055225,-0.057475121484582024,0.14056059942261775,-0.042905973238374175,0.12326269758448584,False,False,0.5,True,True,practically equivalent,50000,20260915
Kimi,NaSGEC-Exam,nasgec_exam,test,character_f05,D-R,2000,2000,source sentence,27.35089025793785,22.248142388111283,-5.102747869826565,-6.655615995492062,-3.616244437685843,-6.403082470449269,-3.858585098880873,-6.632077846455326,-3.5977495495837246,-6.384280666079461,-3.8402101074518664,False,,,,,evidence of deterioration,50000,20260915
Kimi,NaSGEC-Exam,nasgec_exam,test,character_f05,P-D,2000,2000,source sentence,22.248142388111283,22.039757994814174,-0.20838439329710923,-0.5065852253297902,-0.015540092330112595,-0.4512527395067621,-0.043295455826095404,-0.4609855904261327,0.01064273746778066,-0.4146661057001605,-0.021580679075928096,True,False,0.5,True,True,practically equivalent,50000,20260915
Kimi,NaSGEC-Exam,nasgec_exam,test,character_f05,I-P,2000,2000,source sentence,22.039757994814174,22.157082507112683,0.11732451229850938,-0.0034182717847004505,0.40451774632353593,0.011647231900005007,0.3447199906513561,-0.029850138626061447,0.3159542523844039,-0.013794898988157375,0.27967653873698867,False,False,0.5,True,True,practically equivalent,50000,20260915
Kimi,CEFE Track 3,cefe_track3,validation,character_f05,D-R,19,19,source sentence,40.66985645933015,40.46242774566474,-0.20742871366540783,,,,,,,,,,,,,,descriptive only (n=19),0,20260915
Kimi,CEFE Track 3,cefe_track3,validation,character_f05,P-D,19,19,source sentence,40.46242774566474,37.57225433526011,-2.8901734104046284,,,,,,,,,,,0.5,,,descriptive only (n=19),0,20260915
Kimi,CEFE Track 3,cefe_track3,validation,character_f05,I-P,19,19,source sentence,37.57225433526011,37.57225433526011,0.0,,,,,,,,,,,0.5,,,descriptive only (n=19),0,20260915
