model,dataset,dataset_key,split,metric,word_gleu_source_policy,contrast,n_sentences,n_clusters,resampling_unit,earlier_score,later_score,delta_points,ci95_bca_low,ci95_bca_high,ci90_bca_low,ci90_bca_high,ci95_percentile_low,ci95_percentile_high,ci90_percentile_low,ci90_percentile_high,percentile_conclusion_differs,percentile_equivalence_differs,equivalence_margin,equivalent,meaningful_gain_excluded,interpretation,bootstrap_replicates,seed
DeepSeek,NLPCC2018,nlpcc2018,test,word_f05,condition,D-R,2000,2000,source sentence,33.18644464376243,37.77764990217516,4.591205258412735,3.0315122214514436,6.141526336091656,3.2832742601244105,5.891802419943837,3.0259479189382286,6.13546357566793,3.2780608294375857,5.887472005145103,False,,,,,evidence of improvement,50000,20260915
DeepSeek,NLPCC2018,nlpcc2018,test,character_gleu,condition,D-R,2000,2000,source sentence,73.20277061074762,70.66197590241454,-2.540794708333081,-3.392280558626395,-1.7258196174454756,-3.259197160165582,-1.8532916068033347,-3.383628124810328,-1.7167769651140954,-3.25275459386168,-1.8450686737805675,False,,,,,evidence of deterioration,50000,20260915
DeepSeek,NLPCC2018,nlpcc2018,test,word_gleu,condition,D-R,2000,2000,source sentence,63.85692856406989,60.066728838792095,-3.7901997252777946,-4.893385343355151,-2.70628673402118,-4.717828176340126,-2.87561293757631,-4.8903028339747525,-2.7035768125844264,-4.716113115591877,-2.873563023241953,False,,,,,evidence of deterioration,50000,20260915
DeepSeek,NLPCC2018,nlpcc2018,test,word_f05,condition,P-D,2000,2000,source sentence,37.77764990217516,37.69944127642417,-0.07820862575099596,-0.3984187064261313,0.2135597262447349,-0.34599578024731437,0.16629188458655042,-0.3882358598367725,0.22358987553028056,-0.3370835189111084,0.17413622967786135,False,,,,,inconclusive,50000,20260915
DeepSeek,NLPCC2018,nlpcc2018,test,character_gleu,condition,P-D,2000,2000,source sentence,70.66197590241454,70.62499956303277,-0.036976339381766365,-0.16030319091808087,0.08816034841466598,-0.13998664798544516,0.06729420600765557,-0.16062626803372002,0.08791029334516003,-0.14013932735341503,0.06717064635110002,False,,,,,inconclusive,50000,20260915
DeepSeek,NLPCC2018,nlpcc2018,test,word_gleu,condition,P-D,2000,2000,source sentence,60.066728838792095,59.925352451834044,-0.14137638695805066,-0.35594090344332263,0.04982440215068833,-0.319116491655385,0.019031895672821826,-0.347979143998765,0.05639150212608008,-0.31234256556185996,0.024986592236717495,False,,,,,inconclusive,50000,20260915
DeepSeek,NLPCC2018,nlpcc2018,test,word_f05,condition,I-P,2000,2000,source sentence,37.69944127642417,37.710379688666784,0.01093841224261638,-0.18600300336009593,0.2318080183405947,-0.156230432637032,0.19404218354712344,-0.19257122489492157,0.2236151986962347,-0.16123122272185136,0.18768609538891315,False,,,,,inconclusive,50000,20260915
DeepSeek,NLPCC2018,nlpcc2018,test,character_gleu,condition,I-P,2000,2000,source sentence,70.62499956303277,70.63285757710037,0.0078580140675939,-0.07167650293684218,0.09563274141711334,-0.058338226125928976,0.08058179181154287,-0.07418469783414504,0.09269072097934503,-0.060568028267797495,0.07831963546276743,False,,,,,inconclusive,50000,20260915
DeepSeek,NLPCC2018,nlpcc2018,test,word_gleu,condition,I-P,2000,2000,source sentence,59.925352451834044,59.89200415455639,-0.03334829727765509,-0.1474436799456113,0.09300706465275782,-0.12889242435360773,0.07059988903719203,-0.15115821141020502,0.08915011294071755,-0.13160362710511248,0.0671127832374225,False,,,,,inconclusive,50000,20260915
DeepSeek,MuCGEC,mucgec,test,word_f05,condition,D-R,6000,6000,source sentence,41.01448692961482,47.01767870868563,6.003191779070811,5.170790597669309,6.841779125493085,5.304140204900695,6.707393516805415,5.16948473539395,6.841268393168472,5.303134979355956,6.706444141276529,False,,,,,evidence of improvement,50000,20260915
DeepSeek,MuCGEC,mucgec,test,character_gleu,condition,D-R,6000,6000,source sentence,75.91586172592808,74.36246779116422,-1.5533939347638608,-1.9824139129979035,-1.1294614473431155,-1.911769933187557,-1.196719328125728,-1.978926765131811,-1.1265509248909877,-1.909412894108568,-1.1944278786713722,False,,,,,evidence of deterioration,50000,20260915
DeepSeek,MuCGEC,mucgec,test,word_gleu,condition,D-R,6000,6000,source sentence,67.5398710236558,64.72805087441634,-2.811820149239466,-3.408145103969407,-2.22775462445481,-3.307686970159006,-2.3197671590037214,-3.404205094534679,-2.2247023186653156,-3.304649134948852,-2.317090067137775,False,,,,,evidence of deterioration,50000,20260915
DeepSeek,MuCGEC,mucgec,test,word_f05,condition,P-D,6000,6000,source sentence,47.01767870868563,46.966867795250074,-0.050810913435554994,-0.2868939291651795,0.1820643281720836,-0.24845398211930766,0.14398191254492007,-0.2851253568995931,0.18440815023535198,-0.2466902203867182,0.14606174218009566,False,,,,,inconclusive,50000,20260915
DeepSeek,MuCGEC,mucgec,test,character_gleu,condition,P-D,6000,6000,source sentence,74.36246779116422,74.31121416902229,-0.05125362214192819,-0.12373191637746503,0.021331525617994125,-0.11214116618114128,0.009695109860942769,-0.12383657792207955,0.02125850599365668,-0.11219691966885581,0.00959897759916665,False,,,,,inconclusive,50000,20260915
DeepSeek,MuCGEC,mucgec,test,word_gleu,condition,P-D,6000,6000,source sentence,64.72805087441634,64.4758296167988,-0.2522212576175349,-0.36434366057833056,-0.14022715802574665,-0.34560864957406057,-0.15816736191109276,-0.36434918552647005,-0.14024366908509417,-0.3457524521656767,-0.1583300420848042,False,,,,,evidence of deterioration,50000,20260915
DeepSeek,MuCGEC,mucgec,test,word_f05,condition,I-P,6000,6000,source sentence,46.966867795250074,47.00130879975364,0.03444100450356302,-0.10126379604133227,0.17705269081467923,-0.07972886572671513,0.15374686369181573,-0.10273913731651359,0.1747721314772602,-0.08123942408913898,0.151983775030608,False,,,,,inconclusive,50000,20260915
DeepSeek,MuCGEC,mucgec,test,character_gleu,condition,I-P,6000,6000,source sentence,74.31121416902229,74.36660301647984,0.05538884745755013,0.017736795737540396,0.10417279475087234,0.023323003544362834,0.09540985132685248,0.014767539247314165,0.0999751380678196,0.020845113495788332,0.09209176069930414,False,,,,,evidence of improvement,50000,20260915
DeepSeek,MuCGEC,mucgec,test,word_gleu,condition,I-P,6000,6000,source sentence,64.4758296167988,64.49653187460342,0.020702257804614987,-0.048953355692260725,0.0918434655494851,-0.03774271462065933,0.08000699497042428,-0.04931197816529418,0.09160429591284708,-0.0378800399065875,0.07985313820939996,False,,,,,inconclusive,50000,20260915
DeepSeek,YACLC,yaclc,validation,word_f05,condition,D-R,1000,1000,source sentence,59.17379977670264,64.7422300101448,5.568430233442157,3.525440293248285,7.590696579140945,3.8599615832518905,7.259127649257649,3.5291701957097867,7.592472058897045,3.862454925482899,7.262214640661071,False,,,,,evidence of improvement,50000,20260915
DeepSeek,YACLC,yaclc,validation,character_gleu,condition,D-R,1000,1000,source sentence,79.85868605228306,81.44072889266573,1.5820428403826696,0.4480365646943871,2.6413867471799484,0.6352660526456461,2.472025649183505,0.4768259014656974,2.666951628872583,0.6595352228711648,2.4959700269733056,False,,,,,evidence of improvement,50000,20260915
DeepSeek,YACLC,yaclc,validation,word_gleu,condition,D-R,1000,1000,source sentence,73.07228855007989,74.5372407054077,1.4649521553278078,0.023519284409975326,2.8227709717763143,0.2639200921921188,2.6092782506132477,0.055572407919618025,2.851489427988009,0.28791786369846933,2.6369656780222113,False,,,,,evidence of improvement,50000,20260915
DeepSeek,YACLC,yaclc,validation,word_f05,condition,P-D,1000,1000,source sentence,64.7422300101448,64.74310540234227,0.0008753921974715695,-0.6320089125119227,0.646573737133316,-0.5347645829763511,0.5392309362361389,-0.6359045716554883,0.6415477216676639,-0.5377603635775241,0.5358318659170692,False,,,,,inconclusive,50000,20260915
DeepSeek,YACLC,yaclc,validation,character_gleu,condition,P-D,1000,1000,source sentence,81.44072889266573,81.39177945115551,-0.048949441510217184,-0.4114001241068646,0.1555774599116859,-0.34613199723770793,0.12729255774043974,-0.3411069120016775,0.1934873510477175,-0.28711475243557505,0.15756116983307977,False,,,,,inconclusive,50000,20260915
DeepSeek,YACLC,yaclc,validation,word_gleu,condition,P-D,1000,1000,source sentence,74.5372407054077,74.38078634135518,-0.15645436405252156,-0.527940331712263,0.10884426280795004,-0.4605467884898838,0.06924812387497155,-0.4844098752044824,0.13712221019084253,-0.4267421571891299,0.09316261003198983,False,,,,,inconclusive,50000,20260915
DeepSeek,YACLC,yaclc,validation,word_f05,condition,I-P,1000,1000,source sentence,64.74310540234227,64.73110261906982,-0.012002783272450301,-0.48775559881924935,0.48535123083872456,-0.41151391828786893,0.4023638687343062,-0.4952110457501689,0.4783893638681932,-0.4178107903903686,0.3971452767005747,False,,,,,inconclusive,50000,20260915
DeepSeek,YACLC,yaclc,validation,character_gleu,condition,I-P,1000,1000,source sentence,81.39177945115551,81.41637100756581,0.024591556410300086,-0.1323902902311512,0.40112218667119964,-0.11195333148118854,0.32175497643535134,-0.17418991301879996,0.2858820120759025,-0.14644474847046,0.23841303275391496,False,,,,,inconclusive,50000,20260915
DeepSeek,YACLC,yaclc,validation,word_gleu,condition,I-P,1000,1000,source sentence,74.38078634135518,74.3511000427672,-0.029686298587975557,-0.28366569854492313,0.3082591926833411,-0.24459605044917343,0.24795849050374466,-0.30765077936207996,0.27568019424739254,-0.26372295470904505,0.22062107714368,False,,,,,inconclusive,50000,20260915
DeepSeek,FlaCGEC,flacgec,test,word_f05,condition,D-R,1325,1325,source sentence,41.07225034514496,41.336405529953915,0.2641551848089563,-1.4659871972742204,1.9846368907373217,-1.1880700905619526,1.7094045188350697,-1.4543619026881767,1.997089144065331,-1.176332139033016,1.7189371619846212,False,,,,,inconclusive,50000,20260915
DeepSeek,FlaCGEC,flacgec,test,character_gleu,condition,D-R,1325,1325,source sentence,84.13042523063862,80.93920231542465,-3.19122291521397,-4.019572688418282,-2.433221230468183,-3.885001428413994,-2.5491468016557413,-3.9929537511061453,-2.408655402248754,-3.862031744249859,-2.5298423378299884,False,,,,,evidence of deterioration,50000,20260915
DeepSeek,FlaCGEC,flacgec,test,word_gleu,condition,D-R,1325,1325,source sentence,77.3008675756112,72.77803011308522,-4.522837462525985,-5.673548246826579,-3.449468330550478,-5.486638368245406,-3.6221146576754437,-5.647924362084364,-3.4209631985250772,-5.461619527405205,-3.5980889298206242,False,,,,,evidence of deterioration,50000,20260915
DeepSeek,FlaCGEC,flacgec,test,word_f05,condition,P-D,1325,1325,source sentence,41.336405529953915,41.61266432142196,0.2762587914680452,-0.2785110989604581,0.9088300993862506,-0.1890228531693543,0.8065897844046828,-0.3059327685429446,0.8797233973797418,-0.21234037882556006,0.7822722669530706,False,,,,,inconclusive,50000,20260915
DeepSeek,FlaCGEC,flacgec,test,character_gleu,condition,P-D,1325,1325,source sentence,80.93920231542465,80.92396003465454,-0.015242280770110028,-0.17035141543731055,0.11166982091951588,-0.1426820683978193,0.09194164329421259,-0.1579134915436245,0.12026248170482265,-0.13373910152472077,0.09951096476710558,False,,,,,inconclusive,50000,20260915
DeepSeek,FlaCGEC,flacgec,test,word_gleu,condition,P-D,1325,1325,source sentence,72.77803011308522,72.48081312799738,-0.297216985087843,-0.5023462222325643,-0.08618786608108306,-0.4676952098178051,-0.12040957559250813,-0.5044920621026512,-0.08830616509127356,-0.46949463717402257,-0.1219237600215737,False,,,,,evidence of deterioration,50000,20260915
DeepSeek,FlaCGEC,flacgec,test,word_f05,condition,I-P,1325,1325,source sentence,41.61266432142196,41.65898617511521,0.04632185369325015,-0.33886191800091825,0.4629067892038921,-0.2782933308171832,0.3950351369732198,-0.3483086401862648,0.452076725623849,-0.28701259993674205,0.38513195597030153,False,,,,,inconclusive,50000,20260915
DeepSeek,FlaCGEC,flacgec,test,character_gleu,condition,I-P,1325,1325,source sentence,80.92396003465454,81.02647174285724,0.10251170820269806,0.025139959451825705,0.2583406908051009,0.035167563466000154,0.22609494706650218,0.0096605137016981,0.21883268360555283,0.02221514263330566,0.19710927652073956,False,,,,,evidence of improvement,50000,20260915
DeepSeek,FlaCGEC,flacgec,test,word_gleu,condition,I-P,1325,1325,source sentence,72.48081312799738,72.51431635488524,0.03350322688785923,-0.11977983921425768,0.15334700867320145,-0.0926313977202492,0.1343023814483116,-0.10559881680864719,0.16315635660556793,-0.08235681571916606,0.14290730823747538,False,,,,,inconclusive,50000,20260915
DeepSeek,FCGEC,fcgec,validation,word_f05,condition,D-R,2000,2000,source sentence,17.909220070290885,19.68762304764405,1.7784029773531635,0.14018577691585118,3.436613184682883,0.40795220863784276,3.176437475396326,0.13532101553296147,3.4272872644595194,0.3994455752743575,3.166234481151276,False,,,,,evidence of improvement,50000,20260915
DeepSeek,FCGEC,fcgec,validation,character_gleu,condition,D-R,2000,2000,source sentence,91.76598357275051,92.75665522126812,0.9906716485176048,0.6727560555734455,1.2965919942872002,0.7245599530835516,1.249669910331787,0.6765274228367693,1.2999081504275434,0.7268051107040601,1.2518036199665072,False,,,,,evidence of improvement,50000,20260915
DeepSeek,FCGEC,fcgec,validation,word_gleu,condition,D-R,2000,2000,source sentence,87.2747226360595,88.56986749438452,1.2951448583250311,0.7832726251051061,1.7795504884623152,0.8666266417917952,1.704472715825607,0.79152286954318,1.787413968653587,0.8740180389665821,1.7118468211300164,False,,,,,evidence of improvement,50000,20260915
DeepSeek,FCGEC,fcgec,validation,word_f05,condition,P-D,2000,2000,source sentence,19.68762304764405,19.75522149793801,0.06759845029396061,-0.41751265308409263,0.414018213617863,-0.32753453567602103,0.3600154244781855,-0.35254712148310186,0.45377665854598276,-0.27745447405524515,0.39557830157812357,False,,,,,inconclusive,50000,20260915
DeepSeek,FCGEC,fcgec,validation,character_gleu,condition,P-D,2000,2000,source sentence,92.75665522126812,92.77712179048183,0.020466569213709818,-0.004607058448418866,0.04884330066890969,-0.0005923724384791148,0.04391109920640988,-0.005547241989864997,0.04780416948035626,-0.001304782478792511,0.043028270811682506,False,,,,,inconclusive,50000,20260915
DeepSeek,FCGEC,fcgec,validation,word_gleu,condition,P-D,2000,2000,source sentence,88.56986749438452,88.38849679214596,-0.1813707022385671,-0.2745162460731258,-0.09030712065146458,-0.2600284478927063,-0.10454781013842411,-0.2737706694665675,-0.0899100381132862,-0.259620047837245,-0.10418024324308252,False,,,,,evidence of deterioration,50000,20260915
DeepSeek,FCGEC,fcgec,validation,word_f05,condition,I-P,2000,2000,source sentence,19.75522149793801,19.68555951909103,-0.06966197884698033,-0.3596444008734978,0.3061022884582389,-0.3157415585043978,0.24078693239826396,-0.3886667478780984,0.2702164809329755,-0.3387680092343667,0.21022413024385245,False,,,,,inconclusive,50000,20260915
DeepSeek,FCGEC,fcgec,validation,character_gleu,condition,I-P,2000,2000,source sentence,92.77712179048183,92.77163775508804,-0.005484035393791942,-0.024970171717809655,0.014947996961581805,-0.021668404207731723,0.011563667148526918,-0.02545878751500126,0.014474949371058754,-0.022081413197964982,0.011146833755557488,False,,,,,inconclusive,50000,20260915
DeepSeek,FCGEC,fcgec,validation,word_gleu,condition,I-P,2000,2000,source sentence,88.38849679214596,88.35989257184615,-0.0286042202998118,-0.08889553802502784,0.0220217646742228,-0.07867521569663019,0.01404614711371884,-0.08574582711050376,0.024505673361407496,-0.07608783940160499,0.016052210056424935,False,,,,,inconclusive,50000,20260915
DeepSeek,NaCGEC,nacgec,test,word_f05,condition,D-R,5869,5869,source sentence,29.692297641601883,28.86543709110037,-0.826860550501511,-1.8601624484612014,0.196881217871114,-1.6992285031925196,0.025974706645397912,-1.8552692921425704,0.20221505648623075,-1.6965546430622278,0.0313562144849389,False,,,,,inconclusive,50000,20260915
DeepSeek,NaCGEC,nacgec,test,character_gleu,condition,D-R,5869,5869,source sentence,89.6742300889297,88.90867566390195,-0.7655544250277586,-0.9664968268264956,-0.5643634212143054,-0.934131466677502,-0.5968300913804103,-0.9660721047191131,-0.5640023979005481,-0.9339945413339251,-0.5967507406534371,False,,,,,evidence of deterioration,50000,20260915
DeepSeek,NaCGEC,nacgec,test,word_gleu,condition,D-R,5869,5869,source sentence,84.71125140714364,83.19941441370635,-1.511836993437285,-1.832722478349959,-1.192802716892045,-1.7801462181227732,-1.2471323799784697,-1.8316908851087585,-1.1914873615603123,-1.7791616303174165,-1.2462208794026939,False,,,,,evidence of deterioration,50000,20260915
DeepSeek,NaCGEC,nacgec,test,word_f05,condition,P-D,5869,5869,source sentence,28.86543709110037,29.10131692144795,0.23587983034757798,-0.011077978379445887,0.5078735866888303,0.026194265481185103,0.460458313967588,-0.01731146032528645,0.501397869789154,0.022137310977936774,0.45612896490638105,False,,,,,inconclusive,50000,20260915
DeepSeek,NaCGEC,nacgec,test,character_gleu,condition,P-D,5869,5869,source sentence,88.90867566390195,88.92792474766787,0.01924908376592782,0.0005390944484680022,0.040585172226004954,0.0034471042846519625,0.037013716776639255,-0.00025114698484324086,0.039654765109372124,0.002875062809568919,0.03626756238518317,True,,,,,evidence of improvement,50000,20260915
DeepSeek,NaCGEC,nacgec,test,word_gleu,condition,P-D,5869,5869,source sentence,83.19941441370635,83.0583244850104,-0.14108992869594772,-0.19386967107819522,-0.0875771981313744,-0.18534091707852274,-0.09603372658512503,-0.1941908548961194,-0.08795456145545197,-0.1857705331973505,-0.09643474230878094,False,,,,,evidence of deterioration,50000,20260915
DeepSeek,NaCGEC,nacgec,test,word_f05,condition,I-P,5869,5869,source sentence,29.10131692144795,28.922358512282546,-0.1789584091654035,-0.42825514068523574,0.04406662926062213,-0.3836473163367956,0.009049197263295597,-0.4205700715436243,0.05136568138165584,-0.37786513838002855,0.013906435051678047,False,,,,,inconclusive,50000,20260915
DeepSeek,NaCGEC,nacgec,test,character_gleu,condition,I-P,5869,5869,source sentence,88.92792474766787,88.91697319989518,-0.010951547772691583,-0.027302054707074842,0.004027514652181842,-0.024566447915145815,0.001673314510614223,-0.026881614084646874,0.004331103560119703,-0.024258414475617645,0.00192986319322968,False,,,,,inconclusive,50000,20260915
DeepSeek,NaCGEC,nacgec,test,word_gleu,condition,I-P,5869,5869,source sentence,83.0583244850104,83.0139719779232,-0.04435250708719707,-0.08225620140340317,-0.01368916246918597,-0.07538749191150933,-0.018286549229920575,-0.07966324971951483,-0.011821579889065417,-0.07344752063052393,-0.01676911233536805,False,,,,,evidence of deterioration,50000,20260915
DeepSeek,NaSGEC-Exam,nasgec_exam,test,word_f05,condition,D-R,2000,2000,source sentence,28.706345970919962,32.008441786844884,3.302095815924922,1.3205479323666844,5.328681930582103,1.6405803810354964,5.0172611578924675,1.3000052671753513,5.305851044102632,1.6193565671541654,4.995540784798346,False,,,,,evidence of improvement,50000,20260915
DeepSeek,NaSGEC-Exam,nasgec_exam,test,character_gleu,condition,D-R,2000,2000,source sentence,90.9458418037641,91.26632849662187,0.3204866928577701,-0.039247813421957066,0.6656887828503408,0.020032522684969054,0.6120148539259148,-0.03543559733783373,0.6695686671288663,0.022702231207629823,0.6147438442735572,False,,,,,inconclusive,50000,20260915
DeepSeek,NaSGEC-Exam,nasgec_exam,test,word_gleu,condition,D-R,2000,2000,source sentence,86.4035181745213,86.95253014801251,0.5490119734912184,0.03252327820525055,1.0617431654705112,0.11658508444722136,0.9821888692050145,0.033980587016153675,1.0632701792770705,0.11741910579079243,0.9835764329712262,False,,,,,evidence of improvement,50000,20260915
DeepSeek,NaSGEC-Exam,nasgec_exam,test,word_f05,condition,P-D,2000,2000,source sentence,32.008441786844884,32.147093712930015,0.13865192608513155,-0.5071978234046267,0.7545181048085597,-0.401417660710346,0.6522429151958826,-0.49481905250677893,0.7662727061406129,-0.39223393719569766,0.6620274950867299,False,,,,,inconclusive,50000,20260915
DeepSeek,NaSGEC-Exam,nasgec_exam,test,character_gleu,condition,P-D,2000,2000,source sentence,91.26632849662187,91.23978282961785,-0.026545667004015172,-0.09542421021671073,0.03435551512582947,-0.08376859494150639,0.024491849423951648,-0.09228059388211998,0.03700717791034884,-0.08130192135952999,0.026534711533889994,False,,,,,inconclusive,50000,20260915
DeepSeek,NaSGEC-Exam,nasgec_exam,test,word_gleu,condition,P-D,2000,2000,source sentence,86.95253014801251,86.81005990864857,-0.14247023936394498,-0.2461349191822922,-0.04920524284458899,-0.22878702281248633,-0.06373062832003513,-0.24268741238992378,-0.04620828920866752,-0.22555974666119502,-0.061551461207645,False,,,,,evidence of deterioration,50000,20260915
DeepSeek,NaSGEC-Exam,nasgec_exam,test,word_f05,condition,I-P,2000,2000,source sentence,32.147093712930015,32.34358430540827,0.19649059247825562,-0.3014716521737001,0.8129840243652721,-0.22404726232823635,0.7087339183865484,-0.33351478220833636,0.7696532764277174,-0.25166435851772134,0.6726546984730551,False,,,,,inconclusive,50000,20260915
DeepSeek,NaSGEC-Exam,nasgec_exam,test,character_gleu,condition,I-P,2000,2000,source sentence,91.23978282961785,91.27374756794487,0.03396473832701474,0.0014011037325835187,0.09145423955403642,0.005859004995812211,0.07988739029823601,-0.00432938345452,0.079512394343915,0.0011882684989774927,0.07149315397603,True,,,,,evidence of improvement,50000,20260915
DeepSeek,NaSGEC-Exam,nasgec_exam,test,word_gleu,condition,I-P,2000,2000,source sentence,86.81005990864857,86.80992527826133,-0.0001346303872367116,-0.06424181737702625,0.07350755630744349,-0.05458252720487897,0.0614602809576047,-0.06738426022733124,0.07021788920883751,-0.0568312803762175,0.05853196292884237,False,,,,,inconclusive,50000,20260915
DeepSeek,CEFE Track 3,cefe_track3,validation,word_f05,condition,D-R,19,19,source sentence,40.98360655737705,37.03703703703704,-3.946569520340013,,,,,,,,,,,,,,descriptive only (n=19),0,20260915
DeepSeek,CEFE Track 3,cefe_track3,validation,character_gleu,condition,D-R,19,19,source sentence,82.74486657364211,81.00486028719999,-1.7400062864421244,,,,,,,,,,,,,,descriptive only (n=19),0,20260915
DeepSeek,CEFE Track 3,cefe_track3,validation,word_gleu,condition,D-R,19,19,source sentence,74.31144169338421,68.67325434972632,-5.63818734365789,,,,,,,,,,,,,,descriptive only (n=19),0,20260915
DeepSeek,CEFE Track 3,cefe_track3,validation,word_f05,condition,P-D,19,19,source sentence,37.03703703703704,37.03703703703704,0.0,,,,,,,,,,,,,,descriptive only (n=19),0,20260915
DeepSeek,CEFE Track 3,cefe_track3,validation,character_gleu,condition,P-D,19,19,source sentence,81.00486028719999,81.00486028719999,0.0,,,,,,,,,,,,,,descriptive only (n=19),0,20260915
DeepSeek,CEFE Track 3,cefe_track3,validation,word_gleu,condition,P-D,19,19,source sentence,68.67325434972632,68.59108483690527,-0.08216951282105356,,,,,,,,,,,,,,descriptive only (n=19),0,20260915
DeepSeek,CEFE Track 3,cefe_track3,validation,word_f05,condition,I-P,19,19,source sentence,37.03703703703704,37.03703703703704,0.0,,,,,,,,,,,,,,descriptive only (n=19),0,20260915
DeepSeek,CEFE Track 3,cefe_track3,validation,character_gleu,condition,I-P,19,19,source sentence,81.00486028719999,81.00486028719999,0.0,,,,,,,,,,,,,,descriptive only (n=19),0,20260915
DeepSeek,CEFE Track 3,cefe_track3,validation,word_gleu,condition,I-P,19,19,source sentence,68.59108483690527,68.59108483690527,0.0,,,,,,,,,,,,,,descriptive only (n=19),0,20260915
Kimi,NLPCC2018,nlpcc2018,test,word_f05,condition,D-R,2000,2000,source sentence,35.656747536012126,34.95475113122172,-0.7019964047904068,-2.080429068336141,0.677870501895416,-1.8544756647585972,0.45656849783757697,-2.0835880107115528,0.6752543200505399,-1.85852241135691,0.4533942040827643,False,,,,,inconclusive,50000,20260915
Kimi,NLPCC2018,nlpcc2018,test,character_gleu,condition,D-R,2000,2000,source sentence,73.00655362267246,70.53537764812752,-2.471175974544934,-3.2094305594666586,-1.7510794341629423,-3.087488704658194,-1.8711603576356308,-3.207104676411442,-1.7488278317707633,-3.086226496422885,-1.869623934595183,False,,,,,evidence of deterioration,50000,20260915
Kimi,NLPCC2018,nlpcc2018,test,word_gleu,condition,D-R,2000,2000,source sentence,63.31070752236617,59.53040823272718,-3.7802992896389895,-4.7765791469762,-2.7956377647630646,-4.605902346341224,-2.954841804506998,-4.775674359656035,-2.794846026861225,-4.6063832756545064,-2.9564397975427235,False,,,,,evidence of deterioration,50000,20260915
Kimi,NLPCC2018,nlpcc2018,test,word_f05,condition,P-D,2000,2000,source sentence,34.95475113122172,35.07769652650823,0.12294539528650716,-0.31305563312981544,0.5416353059611904,-0.24124148219464162,0.4729139422838212,-0.30528241136451495,0.5471229241140354,-0.2362567789002174,0.47761878443462635,False,,,,,inconclusive,50000,20260915
Kimi,NLPCC2018,nlpcc2018,test,character_gleu,condition,P-D,2000,2000,source sentence,70.53537764812752,70.40947017293294,-0.12590747519458034,-0.27595898828563875,0.00981818582563167,-0.25106516349778923,-0.01193603831444996,-0.2710167072170912,0.015299503909552552,-0.24616826717425494,-0.00788444428359014,False,,,,,inconclusive,50000,20260915
Kimi,NLPCC2018,nlpcc2018,test,word_gleu,condition,P-D,2000,2000,source sentence,59.53040823272718,59.31174170020661,-0.21866653252057233,-0.43974768876702847,-0.022181828422239834,-0.40311434007686975,-0.05403425964081765,-0.42907550753402257,-0.013349599051106179,-0.3950208185589625,-0.046631595367805166,False,,,,,evidence of deterioration,50000,20260915
Kimi,NLPCC2018,nlpcc2018,test,word_f05,condition,I-P,2000,2000,source sentence,35.07769652650823,35.184762773722625,0.10706624721439795,-0.1261168477529734,0.3873538783660305,-0.08954870146616191,0.3404924523111067,-0.14150486449778352,0.3694594073380241,-0.10148165455876423,0.3262001342518786,False,,,,,inconclusive,50000,20260915
Kimi,NLPCC2018,nlpcc2018,test,character_gleu,condition,I-P,2000,2000,source sentence,70.40947017293294,70.46687924074406,0.05740906781112187,0.006566136184981173,0.13276242590255538,0.013669188840408629,0.11836007735139635,0.0004691979364075091,0.1221420308157863,0.008650717144477512,0.11027141973877493,False,,,,,evidence of improvement,50000,20260915
Kimi,NLPCC2018,nlpcc2018,test,word_gleu,condition,I-P,2000,2000,source sentence,59.31174170020661,59.300609698285776,-0.011132001920834966,-0.13142627606141682,0.1126432977255016,-0.11175927468852806,0.09243084526774807,-0.1335587656902162,0.11037198381871755,-0.11332930041790248,0.09044769883474249,False,,,,,inconclusive,50000,20260915
Kimi,MuCGEC,mucgec,test,word_f05,condition,D-R,6000,6000,source sentence,42.77957515110476,43.06975104930954,0.2901758982047795,-0.5195161508194934,1.0924758214494625,-0.38826543999957497,0.9601595036658871,-0.5171931479467362,1.0945481033111808,-0.38601668533781924,0.9618649117023285,False,,,,,inconclusive,50000,20260915
Kimi,MuCGEC,mucgec,test,character_gleu,condition,D-R,6000,6000,source sentence,75.53965998162101,73.13314019421557,-2.4065197874054434,-2.7882299952427334,-2.0324001627482002,-2.727923199035111,-2.090153849777646,-2.7858875882596346,-2.030662094395084,-2.7261341490256696,-2.088492307059217,False,,,,,evidence of deterioration,50000,20260915
Kimi,MuCGEC,mucgec,test,word_gleu,condition,D-R,6000,6000,source sentence,66.69736712875772,62.9617509329391,-3.735616195818622,-4.263845170091333,-3.2120947066199412,-4.176656189325423,-3.2967510746364024,-4.263473683681858,-3.2119372803460715,-4.176917154733919,-3.2970444050426546,False,,,,,evidence of deterioration,50000,20260915
Kimi,MuCGEC,mucgec,test,word_f05,condition,P-D,6000,6000,source sentence,43.06975104930954,43.10428299389988,0.03453194459034137,-0.2348379187410841,0.34092668748700883,-0.19394264742207165,0.28901136122391324,-0.246079394000569,0.32759110864523594,-0.20365427626014423,0.27835324865692596,False,,,,,inconclusive,50000,20260915
Kimi,MuCGEC,mucgec,test,character_gleu,condition,P-D,6000,6000,source sentence,73.13314019421557,73.06581214124586,-0.06732805296971378,-0.14288056898413995,0.002551462012426653,-0.13005194434450726,-0.007989122651563749,-0.14110020295090417,0.004357149730360416,-0.1285895652924175,-0.006799053181637528,False,,,,,inconclusive,50000,20260915
Kimi,MuCGEC,mucgec,test,word_gleu,condition,P-D,6000,6000,source sentence,62.9617509329391,62.709511441367674,-0.252239491571423,-0.36098899006840796,-0.15096492574627618,-0.3436105205121179,-0.16683746793022491,-0.35832075813398423,-0.14912984410733615,-0.3416845508471959,-0.16507418481793423,False,,,,,evidence of deterioration,50000,20260915
Kimi,MuCGEC,mucgec,test,word_f05,condition,I-P,6000,6000,source sentence,43.10428299389988,43.05296351116545,-0.05131948273442788,-0.20330096923683935,0.09242106282135888,-0.17871059244950718,0.06872578547367766,-0.19974124171485047,0.09535278823449346,-0.17557315133198054,0.07205897230387444,False,,,,,inconclusive,50000,20260915
Kimi,MuCGEC,mucgec,test,character_gleu,condition,I-P,6000,6000,source sentence,73.06581214124586,73.08781930828243,0.022007167036576902,-0.01327926141264359,0.061459648406555,-0.007768245746915217,0.054662198290707925,-0.01460967063577583,0.05997169769302083,-0.008739289148430852,0.053499782492189986,False,,,,,inconclusive,50000,20260915
Kimi,MuCGEC,mucgec,test,word_gleu,condition,I-P,6000,6000,source sentence,62.709511441367674,62.64776835467198,-0.061743086695692284,-0.12164919457426739,-0.008427365752853484,-0.1115999416612112,-0.016738313003610086,-0.11910704264874666,-0.006509064474457904,-0.10936594586092499,-0.014968447041852503,False,,,,,evidence of deterioration,50000,20260915
Kimi,YACLC,yaclc,validation,word_f05,condition,D-R,1000,1000,source sentence,61.19811464193401,62.00994454006502,0.811829898131009,-1.0872501508548804,2.692453712081638,-0.7784639061297581,2.3784477441888074,-1.084097535738013,2.6944856718423975,-0.776963487683,2.380825210099815,False,,,,,inconclusive,50000,20260915
Kimi,YACLC,yaclc,validation,character_gleu,condition,D-R,1000,1000,source sentence,81.22334215123071,80.42143967123941,-0.8019024799912984,-1.7800140864928593,0.149105256609712,-1.6222342258951483,0.0010453779964157055,-1.7737785479440396,0.15518886932406445,-1.6180504321919809,0.0054645392906596145,False,,,,,inconclusive,50000,20260915
Kimi,YACLC,yaclc,validation,word_gleu,condition,D-R,1000,1000,source sentence,74.14710609749788,73.06212464035524,-1.0849814571426464,-2.4058510730063447,0.23014252617868447,-2.196295168594499,0.017150857343019705,-2.4038701868857477,0.23299560131882763,-2.1946787418816505,0.01749281820427525,False,,,,,inconclusive,50000,20260915
Kimi,YACLC,yaclc,validation,word_f05,condition,P-D,1000,1000,source sentence,62.00994454006502,61.69019532005415,-0.3197492200108698,-0.9462054281414356,0.17984732600916487,-0.8353657421877181,0.09974194960691266,-0.8964004885058904,0.21690896076955216,-0.7973297058079261,0.13083615385687256,False,,,,,inconclusive,50000,20260915
Kimi,YACLC,yaclc,validation,character_gleu,condition,P-D,1000,1000,source sentence,80.42143967123941,80.18130557788182,-0.2401340933575966,-0.6250654201442769,-0.03333716321891307,-0.5491572506443843,-0.06270415311509485,-0.5369992311163777,0.006604465233530015,-0.4822173499568251,-0.027752334992795086,True,,,,,evidence of deterioration,50000,20260915
Kimi,YACLC,yaclc,validation,word_gleu,condition,P-D,1000,1000,source sentence,73.06212464035524,72.73323179122406,-0.32889284913117933,-0.7878531824683066,-0.015765605905899795,-0.7044027095102912,-0.0615468160336605,-0.7256283173841149,0.024685230372810094,-0.6570870984320948,-0.02807667961447499,True,,,,,evidence of deterioration,50000,20260915
Kimi,YACLC,yaclc,validation,word_f05,condition,I-P,1000,1000,source sentence,61.69019532005415,61.63594470046083,-0.05425061959331856,-0.5076347415445136,0.3098703529097894,-0.42663116389996153,0.2525858525371194,-0.47105109370027504,0.33583159077414404,-0.3988321283239472,0.2759684366158066,False,,,,,inconclusive,50000,20260915
Kimi,YACLC,yaclc,validation,character_gleu,condition,I-P,1000,1000,source sentence,80.18130557788182,80.18672400684869,0.0054184289668768315,-0.13295682572176237,0.16281504011325215,-0.11065149649910809,0.13636739874357875,-0.13939900780437,0.15508499364564757,-0.11685393546896503,0.12971661550202496,False,,,,,inconclusive,50000,20260915
Kimi,YACLC,yaclc,validation,word_gleu,condition,I-P,1000,1000,source sentence,72.73323179122406,72.56903116946204,-0.16420062176202066,-0.3399784321740563,-0.009857948415118844,-0.3095071358125496,-0.03418529938851404,-0.3321098379199776,-0.004192119419242406,-0.30358653220615,-0.029084301249215034,False,,,,,evidence of deterioration,50000,20260915
Kimi,FlaCGEC,flacgec,test,word_f05,condition,D-R,1325,1325,source sentence,31.975454679875792,29.969711461820502,-2.00574321805529,-3.5108930115915027,-0.5463337519155266,-3.2664935062802036,-0.7881380273689355,-3.4895811004887745,-0.5332466652547857,-3.246016389869398,-0.7675817238780105,False,,,,,evidence of deterioration,50000,20260915
Kimi,FlaCGEC,flacgec,test,character_gleu,condition,D-R,1325,1325,source sentence,81.12304838138112,78.47943963790658,-2.6436087434745446,-3.4186079718399243,-1.8981972521166974,-3.290389852228168,-2.013068708939646,-3.4139413292346754,-1.8947090617453592,-3.288535176498069,-2.0107095190053688,False,,,,,evidence of deterioration,50000,20260915
Kimi,FlaCGEC,flacgec,test,word_gleu,condition,D-R,1325,1325,source sentence,73.1094349545729,68.9353543013914,-4.174080653181505,-5.247165703280307,-3.1268439600235793,-5.074937568723614,-3.2921387516062373,-5.243182621639566,-3.1232485578567424,-5.074946337436146,-3.292177030167217,False,,,,,evidence of deterioration,50000,20260915
Kimi,FlaCGEC,flacgec,test,word_f05,condition,P-D,1325,1325,source sentence,29.969711461820502,30.603240815016846,0.6335293531963444,0.14462195791703983,1.226300848029655,0.22264875046943836,1.1272589252554228,0.11394190868530789,1.1855568661152287,0.19723941847780324,1.0926942410775917,False,,,,,evidence of improvement,50000,20260915
Kimi,FlaCGEC,flacgec,test,character_gleu,condition,P-D,1325,1325,source sentence,78.47943963790658,78.48466733237899,0.005227694472409894,-0.12165124816548653,0.14458051002479205,-0.10081362546985499,0.12065850516736726,-0.12610928030963972,0.1404666064516868,-0.10428939739222645,0.11702148448948299,False,,,,,inconclusive,50000,20260915
Kimi,FlaCGEC,flacgec,test,word_gleu,condition,P-D,1325,1325,source sentence,68.9353543013914,68.57409711089896,-0.361257190492438,-0.6280764474164146,-0.11806554035634355,-0.5828025526560411,-0.1561051697910077,-0.617289071015304,-0.109971202069449,-0.5752309892012264,-0.14863327672462268,False,,,,,evidence of deterioration,50000,20260915
Kimi,FlaCGEC,flacgec,test,word_f05,condition,I-P,1325,1325,source sentence,30.603240815016846,30.60489678348536,0.0016559684685120146,-0.342603932081911,0.37320293573477914,-0.2866656516312685,0.31411918314943266,-0.35295279218140196,0.3620211777826414,-0.2970219122637804,0.30323263246621823,False,,,,,inconclusive,50000,20260915
Kimi,FlaCGEC,flacgec,test,character_gleu,condition,I-P,1325,1325,source sentence,78.48466733237899,78.52741980836826,0.042752475989274785,-0.10606829524244872,0.14493981359522745,-0.07882512005188923,0.12990850872983423,-0.08700883232910563,0.15816000396963023,-0.06400830398966414,0.13982617232710937,False,,,,,inconclusive,50000,20260915
Kimi,FlaCGEC,flacgec,test,word_gleu,condition,I-P,1325,1325,source sentence,68.57409711089896,68.56875691148585,-0.0053401994131121455,-0.2411241525075796,0.1494455972881361,-0.19538288574360024,0.12600732520024,-0.20371606729221317,0.16994302356295857,-0.16927483799937737,0.14358865520266034,False,,,,,inconclusive,50000,20260915
Kimi,FCGEC,fcgec,validation,word_f05,condition,D-R,2000,2000,source sentence,16.41720604099245,13.677811550151976,-2.739394490840475,-3.9035100333547406,-1.6292592809693516,-3.70845435835059,-1.8047900384864697,-3.88122457890767,-1.6104050954383262,-3.693323937456563,-1.7913207858173905,False,,,,,evidence of deterioration,50000,20260915
Kimi,FCGEC,fcgec,validation,character_gleu,condition,D-R,2000,2000,source sentence,90.9540310150883,90.80668860809828,-0.14734240699002044,-0.47062802438667556,0.15708711881669543,-0.41668984390777675,0.10632563489421808,-0.46279277633922916,0.16357043709174868,-0.41172315368585266,0.11160186460306476,False,,,,,inconclusive,50000,20260915
Kimi,FCGEC,fcgec,validation,word_gleu,condition,D-R,2000,2000,source sentence,86.12460850327352,85.83376376937775,-0.29084473389576715,-0.7785246211454401,0.1836530565769147,-0.7009838709689119,0.10584054820051292,-0.772475265778985,0.188787015581024,-0.6968214675148354,0.10920597506326718,False,,,,,inconclusive,50000,20260915
Kimi,FCGEC,fcgec,validation,word_f05,condition,P-D,2000,2000,source sentence,13.677811550151976,13.834496849991487,0.15668529983951096,-0.1398137819447285,0.47260683100402223,-0.09341279909255543,0.4187479747621764,-0.14522576061685152,0.4668866086408236,-0.09787973509006029,0.41382137737824964,False,,,,,inconclusive,50000,20260915
Kimi,FCGEC,fcgec,validation,character_gleu,condition,P-D,2000,2000,source sentence,90.80668860809828,90.85829575129617,0.0516071431978844,0.006411320272866672,0.14815053169498155,0.012244475448401801,0.1285244727954398,-0.0033631507696724986,0.12163491327530997,0.003933419379104999,0.10855511973509746,True,,,,,evidence of improvement,50000,20260915
Kimi,FCGEC,fcgec,validation,word_gleu,condition,P-D,2000,2000,source sentence,85.83376376937775,85.66140001500227,-0.1723637543754819,-0.27103456752690047,-0.05737636944785161,-0.25564433831429234,-0.07738399803226761,-0.27579123348551493,-0.06384526832165371,-0.2597891317223275,-0.08226983901216503,False,,,,,evidence of deterioration,50000,20260915
Kimi,FCGEC,fcgec,validation,word_f05,condition,I-P,2000,2000,source sentence,13.834496849991487,13.73346897253306,-0.10102787745842612,-0.2954848416690787,0.02542765489035361,-0.25968926662136493,0.006658858945984343,-0.2670887999767337,0.04260609771998286,-0.23742970275749808,0.020480150543925164,False,,,,,inconclusive,50000,20260915
Kimi,FCGEC,fcgec,validation,character_gleu,condition,I-P,2000,2000,source sentence,90.85829575129617,90.84979350033315,-0.008502250963019264,-0.03760838084220478,0.008099114452357687,-0.031534505459419715,0.005774547683021705,-0.03151146149160372,0.010965037329692517,-0.02732981707164748,0.008108308628507505,False,,,,,inconclusive,50000,20260915
Kimi,FCGEC,fcgec,validation,word_gleu,condition,I-P,2000,2000,source sentence,85.66140001500227,85.63389621257173,-0.02750380243054451,-0.09001677137467892,0.01601679143014999,-0.07821689329680845,0.009669284080415229,-0.08189282951902002,0.020865286702103743,-0.07219287752086252,0.013584066449322476,False,,,,,inconclusive,50000,20260915
Kimi,NaCGEC,nacgec,test,word_f05,condition,D-R,5869,5869,source sentence,27.41729655443212,22.18310680064346,-5.234189753788659,-6.008994621931995,-4.476016221980025,-5.8844870592108816,-4.6043659477010435,-6.005133519952257,-4.472391011219016,-5.881569252252708,-4.602032180629645,False,,,,,evidence of deterioration,50000,20260915
Kimi,NaCGEC,nacgec,test,character_gleu,condition,D-R,5869,5869,source sentence,88.98598492194164,87.12683957853295,-1.8591453434086844,-2.067877880961382,-1.6506172808242738,-2.033827972137363,-1.6842619045017735,-2.0673897153969376,-1.649638255600246,-2.0333586191491984,-1.6839530404202139,False,,,,,evidence of deterioration,50000,20260915
Kimi,NaCGEC,nacgec,test,word_gleu,condition,D-R,5869,5869,source sentence,83.70354170676404,80.57821441254816,-3.1253272942158787,-3.446865193064226,-2.8044698946864868,-3.3951238490893485,-2.8558440906225715,-3.444951591626822,-2.802979680398048,-3.3935273699246,-2.854620491316818,False,,,,,evidence of deterioration,50000,20260915
Kimi,NaCGEC,nacgec,test,word_f05,condition,P-D,5869,5869,source sentence,22.18310680064346,22.14182005526673,-0.041286745376730494,-0.2387460045616971,0.15382744667009235,-0.20741091033725043,0.1220904882279278,-0.23667164386272868,0.1560037212821324,-0.20532595856932384,0.1238805111294973,False,,,,,inconclusive,50000,20260915
Kimi,NaCGEC,nacgec,test,character_gleu,condition,P-D,5869,5869,source sentence,87.12683957853295,87.15403060798094,0.0271910294479909,-0.007174163893232218,0.07626401287605543,-0.002188180448154669,0.06720567367069184,-0.011054895130927752,0.07029826232534292,-0.005215823151024017,0.06266968178955275,False,,,,,inconclusive,50000,20260915
Kimi,NaCGEC,nacgec,test,word_gleu,condition,P-D,5869,5869,source sentence,80.57821441254816,80.44012293168899,-0.138091480859174,-0.21342774553450145,-0.0676387240486906,-0.20087696779039044,-0.07869116251326087,-0.2115376852255836,-0.06564241457120207,-0.19932501793745183,-0.0771642058498049,False,,,,,evidence of deterioration,50000,20260915
Kimi,NaCGEC,nacgec,test,word_f05,condition,I-P,5869,5869,source sentence,22.14182005526673,22.256232913521977,0.11441285825524616,-0.012827751663413284,0.2725048658471945,0.0065353186863628225,0.2460127292377896,-0.023845230043957683,0.26014154155413244,-0.0018583807520178239,0.23481583870715952,False,,,,,inconclusive,50000,20260915
Kimi,NaCGEC,nacgec,test,character_gleu,condition,I-P,5869,5869,source sentence,87.15403060798094,87.15907224829117,0.005041640310224693,-0.012968593940156826,0.025880769364255353,-0.0101273886045497,0.022218763276147663,-0.014002360491580332,0.024779498615140134,-0.010873538354458165,0.02134539198901345,False,,,,,inconclusive,50000,20260915
Kimi,NaCGEC,nacgec,test,word_gleu,condition,I-P,5869,5869,source sentence,80.44012293168899,80.43289239166278,-0.007230540026213816,-0.04538666152314632,0.044735599274943465,-0.0395232373349724,0.035735738288552324,-0.04958313231994166,0.03923588706770105,-0.043028046983711876,0.030893189904307363,False,,,,,inconclusive,50000,20260915
Kimi,NaSGEC-Exam,nasgec_exam,test,word_f05,condition,D-R,2000,2000,source sentence,27.227264308205225,22.456356225486427,-4.7709080827187975,-6.225078849786384,-3.3373085929262842,-5.983708414810424,-3.566734383365931,-6.215836167443642,-3.332305679174886,-5.980305899905888,-3.5624442999542247,False,,,,,evidence of deterioration,50000,20260915
Kimi,NaSGEC-Exam,nasgec_exam,test,character_gleu,condition,D-R,2000,2000,source sentence,90.42611030311556,89.39827816698947,-1.0278321361260936,-1.390013040138195,-0.6879898212203737,-1.331199658460872,-0.7455045089277029,-1.3820722970892754,-0.6816180634960988,-1.324326673177858,-0.7396527313364123,False,,,,,evidence of deterioration,50000,20260915
Kimi,NaSGEC-Exam,nasgec_exam,test,word_gleu,condition,D-R,2000,2000,source sentence,85.72976563693283,84.10529145734284,-1.6244741795899813,-2.1606417171867753,-1.1199450842098304,-2.0695965266233127,-1.2027669923611573,-2.1478607532615706,-1.1104215078357482,-2.0613813429418393,-1.1945725381346104,False,,,,,evidence of deterioration,50000,20260915
Kimi,NaSGEC-Exam,nasgec_exam,test,word_f05,condition,P-D,2000,2000,source sentence,22.456356225486427,22.371277915632753,-0.08507830985367448,-0.4240239635646916,0.17093739976996924,-0.36095240380171434,0.1312023502634496,-0.38672748968461096,0.1957562458299371,-0.33476401986340143,0.1517813201545725,False,,,,,inconclusive,50000,20260915
Kimi,NaSGEC-Exam,nasgec_exam,test,character_gleu,condition,P-D,2000,2000,source sentence,89.39827816698947,89.40205334661357,0.0037751796240996782,-0.04224265621050195,0.0923612351982607,-0.0359189880593568,0.07431345323375826,-0.0514625448659912,0.07173157581101124,-0.04348038745625997,0.05916146811013996,False,,,,,inconclusive,50000,20260915
Kimi,NaSGEC-Exam,nasgec_exam,test,word_gleu,condition,P-D,2000,2000,source sentence,84.10529145734284,83.92760753649891,-0.1776839208439327,-0.27265906075129726,-0.09090664053959045,-0.2568370570915437,-0.10459784625358495,-0.26947058162142135,-0.08830659133946253,-0.25446890170117753,-0.10252244894038764,False,,,,,evidence of deterioration,50000,20260915
Kimi,NaSGEC-Exam,nasgec_exam,test,word_f05,condition,I-P,2000,2000,source sentence,22.371277915632753,22.427745664739884,0.05646774910713148,-0.09792074200450353,0.36610879080943276,-0.07750192662646938,0.30622765377019356,-0.12986905863885437,0.2922065713484286,-0.10448763934634825,0.24847768032324918,False,,,,,inconclusive,50000,20260915
Kimi,NaSGEC-Exam,nasgec_exam,test,character_gleu,condition,I-P,2000,2000,source sentence,89.40205334661357,89.40424181162727,0.002188465013702512,-0.0206439496691025,0.029952701647148295,-0.01680059112943013,0.024789412527745722,-0.022122453165998764,0.028082545012293743,-0.018017567721465025,0.023472391095649987,False,,,,,inconclusive,50000,20260915
Kimi,NaSGEC-Exam,nasgec_exam,test,word_gleu,condition,I-P,2000,2000,source sentence,83.92760753649891,83.89340623509871,-0.034201301400202055,-0.07500049819764171,0.014586759072002816,-0.06806667695037857,0.006094161405372997,-0.07732353483716875,0.011605185349600023,-0.0701939443063025,0.003581198105109917,False,,,,,inconclusive,50000,20260915
Kimi,CEFE Track 3,cefe_track3,validation,word_f05,condition,D-R,19,19,source sentence,33.730158730158735,33.65384615384615,-0.07631257631258137,,,,,,,,,,,,,,descriptive only (n=19),0,20260915
Kimi,CEFE Track 3,cefe_track3,validation,character_gleu,condition,D-R,19,19,source sentence,81.54403405672632,80.56579602396316,-0.9782380327631586,,,,,,,,,,,,,,descriptive only (n=19),0,20260915
Kimi,CEFE Track 3,cefe_track3,validation,word_gleu,condition,D-R,19,19,source sentence,70.54640291104738,68.6415818081579,-1.9048211028894855,,,,,,,,,,,,,,descriptive only (n=19),0,20260915
Kimi,CEFE Track 3,cefe_track3,validation,word_f05,condition,P-D,19,19,source sentence,33.65384615384615,31.25,-2.4038461538461533,,,,,,,,,,,,,,descriptive only (n=19),0,20260915
Kimi,CEFE Track 3,cefe_track3,validation,character_gleu,condition,P-D,19,19,source sentence,80.56579602396316,80.44732124858946,-0.11847477537369855,,,,,,,,,,,,,,descriptive only (n=19),0,20260915
Kimi,CEFE Track 3,cefe_track3,validation,word_gleu,condition,P-D,19,19,source sentence,68.6415818081579,68.05258791594737,-0.5889938922105245,,,,,,,,,,,,,,descriptive only (n=19),0,20260915
Kimi,CEFE Track 3,cefe_track3,validation,word_f05,condition,I-P,19,19,source sentence,31.25,31.25,0.0,,,,,,,,,,,,,,descriptive only (n=19),0,20260915
Kimi,CEFE Track 3,cefe_track3,validation,character_gleu,condition,I-P,19,19,source sentence,80.44732124858946,80.44732124858946,0.0,,,,,,,,,,,,,,descriptive only (n=19),0,20260915
Kimi,CEFE Track 3,cefe_track3,validation,word_gleu,condition,I-P,19,19,source sentence,68.05258791594737,68.05258791594737,0.0,,,,,,,,,,,,,,descriptive only (n=19),0,20260915
GPT-5.6 Sol (none),NLPCC2018,nlpcc2018,test,word_f05,,D-R,2000,2000,source sentence,29.15114130945299,32.392115077250935,3.2409737677979464,2.24580012346993,4.225365996847326,2.4062685450211694,4.071076497751667,2.2497338942864245,4.229977890717203,2.4097026339237333,4.074117565272383,False,,,,,evidence of improvement,50000,20260915
GPT-5.6 Sol (none),NLPCC2018,nlpcc2018,test,character_gleu,,D-R,2000,2000,source sentence,72.11300475032863,73.31579849912427,1.2027937487956422,0.5192036047383521,1.8625379367143056,0.6285434051406104,1.7578024150170237,0.5269232762720826,1.8690551421534018,0.6347687439569996,1.764051746070994,False,,,,,evidence of improvement,50000,20260915
GPT-5.6 Sol (none),NLPCC2018,nlpcc2018,test,word_gleu,condition,D-R,2000,2000,source sentence,62.4630759187474,64.04832799056554,1.5852520718181395,0.7232522820338261,2.4346320314178276,0.8616754053839101,2.2954979860004197,0.732108131328807,2.4418605606602113,0.869223371666616,2.303224292211408,False,,,,,evidence of improvement,50000,20260915
GPT-5.6 Sol (none),NLPCC2018,nlpcc2018,test,word_f05,,P-D,2000,2000,source sentence,32.392115077250935,32.54879653002453,0.15668145277359713,-0.27501945220654284,0.6227852777028801,-0.20624749153357974,0.5437238439528923,-0.28413557425241875,0.6125553892199858,-0.21400976297700217,0.5358336022302687,False,,,,,inconclusive,50000,20260915
GPT-5.6 Sol (none),NLPCC2018,nlpcc2018,test,character_gleu,,P-D,2000,2000,source sentence,73.31579849912427,73.32016533550697,0.004366836382700967,-0.148044240222665,0.1586548483613627,-0.12305401155714508,0.13518614588433128,-0.14996002041898743,0.15679405358017887,-0.12478396251337247,0.13368800998749247,False,,,,,inconclusive,50000,20260915
GPT-5.6 Sol (none),NLPCC2018,nlpcc2018,test,word_gleu,condition,P-D,2000,2000,source sentence,64.04832799056554,63.979127897631216,-0.06920009293432372,-0.30169417996657494,0.1915526055976999,-0.2650086475260431,0.1475207475468767,-0.31148735102446873,0.18050116083578757,-0.27299901619474504,0.1388975630889274,False,,,,,inconclusive,50000,20260915
GPT-5.6 Sol (none),NLPCC2018,nlpcc2018,test,word_f05,,I-P,2000,2000,source sentence,32.54879653002453,32.4328152108487,-0.11598131917583032,-0.3484401623369782,0.14826002128615068,-0.31212825251976406,0.10321451636148972,-0.35741732475545157,0.13666237292898,-0.31927130189675224,0.09505994175567264,False,,,,,inconclusive,50000,20260915
GPT-5.6 Sol (none),NLPCC2018,nlpcc2018,test,character_gleu,,I-P,2000,2000,source sentence,73.32016533550697,73.27738014035457,-0.042785195152404754,-0.1345916690924804,0.025281172307989094,-0.11800758029126765,0.015021572714897792,-0.12448050096552378,0.03213187899792373,-0.11047689617933004,0.02074654695604992,False,,,,,inconclusive,50000,20260915
GPT-5.6 Sol (none),NLPCC2018,nlpcc2018,test,word_gleu,condition,I-P,2000,2000,source sentence,63.979127897631216,63.821596848808205,-0.15753104882301017,-0.2964637101087791,-0.056539687001134986,-0.2723801226518354,-0.07179880298611495,-0.2810093372617413,-0.04568443756403,-0.259300132714735,-0.062464895290757515,False,,,,,evidence of deterioration,50000,20260915
GPT-5.6 Sol (none),MuCGEC,mucgec,test,word_f05,,D-R,6000,6000,source sentence,36.5467962984655,40.80742492782819,4.260628629362685,3.697409278563899,4.8247705635359335,3.788837996194066,4.735150006383295,3.697599673657804,4.824774348235703,3.789302421106799,4.735381384206374,False,,,,,evidence of improvement,50000,20260915
GPT-5.6 Sol (none),MuCGEC,mucgec,test,character_gleu,,D-R,6000,6000,source sentence,74.95471780246127,76.48694366159309,1.5322258591318132,1.195424056372084,1.864983063047164,1.2487461614697046,1.8086490028356184,1.1992895510948332,1.8692039039341544,1.2525338343063208,1.8130571335659507,False,,,,,evidence of improvement,50000,20260915
GPT-5.6 Sol (none),MuCGEC,mucgec,test,word_gleu,condition,D-R,6000,6000,source sentence,66.46665907120173,68.17820696862366,1.711547897421923,1.2627671785499774,2.157161544959386,1.3359844082348304,2.0843813799172985,1.2642117103335493,2.159255438286691,1.3376446023204496,2.086275849690251,False,,,,,evidence of improvement,50000,20260915
GPT-5.6 Sol (none),MuCGEC,mucgec,test,word_f05,,P-D,6000,6000,source sentence,40.80742492782819,40.88306700003624,0.07564207220805486,-0.16469054278635656,0.3178737645519794,-0.1272590747337428,0.27867218801489246,-0.16429746183850202,0.31824555795138304,-0.1268816185888042,0.27901776523406485,False,,,,,inconclusive,50000,20260915
GPT-5.6 Sol (none),MuCGEC,mucgec,test,character_gleu,,P-D,6000,6000,source sentence,76.48694366159309,76.50632531142529,0.019381649832197922,-0.07745349692256742,0.11512227945116436,-0.061817234075911345,0.09960960372641285,-0.07672156717761211,0.11580841055378582,-0.06111095008972588,0.10026051870470075,False,,,,,inconclusive,50000,20260915
GPT-5.6 Sol (none),MuCGEC,mucgec,test,word_gleu,condition,P-D,6000,6000,source sentence,68.17820696862366,68.06356302361789,-0.11464394500576702,-0.2600608105870531,0.028021021241984957,-0.23563109893481077,0.004463317686448818,-0.25916338426823665,0.029322492857773032,-0.2345045575701075,0.005486789135506772,False,,,,,inconclusive,50000,20260915
GPT-5.6 Sol (none),MuCGEC,mucgec,test,word_f05,,I-P,6000,6000,source sentence,40.88306700003624,40.83752608236155,-0.045540917674692594,-0.20071811159641062,0.11209126744584963,-0.174969841373193,0.08553325460319332,-0.2014317452455904,0.11153139481140074,-0.17525956835614095,0.08522796272978393,False,,,,,inconclusive,50000,20260915
GPT-5.6 Sol (none),MuCGEC,mucgec,test,character_gleu,,I-P,6000,6000,source sentence,76.50632531142529,76.50579520084504,-0.0005301105802431039,-0.04856848283867585,0.0575922801323743,-0.04123250078606654,0.04787036152998056,-0.051812589033212036,0.05350961718725965,-0.043667420768554135,0.044494430728725,False,,,,,inconclusive,50000,20260915
GPT-5.6 Sol (none),MuCGEC,mucgec,test,word_gleu,condition,I-P,6000,6000,source sentence,68.06356302361789,68.04013547079072,-0.02342755282717235,-0.09698884440320872,0.05937786662093014,-0.08528025341210636,0.04540937455309097,-0.10052720870114544,0.055867956017317914,-0.0877608117512667,0.042445817661154135,False,,,,,inconclusive,50000,20260915
GPT-5.6 Sol (none),YACLC,yaclc,validation,word_f05,,D-R,1000,1000,source sentence,55.92004100461302,58.89738614313435,2.977345138521329,1.43962600638033,4.555500160619102,1.6847545398694599,4.299304259683246,1.4236026971859097,4.53606017895116,1.6726603292337132,4.2860507623641455,False,,,,,evidence of improvement,50000,20260915
GPT-5.6 Sol (none),YACLC,yaclc,validation,character_gleu,,D-R,1000,1000,source sentence,78.53463835874635,80.08568682786823,1.5510484691218807,0.6718090714164322,2.409362578764996,0.8125798777182124,2.2694492733068667,0.6799498567813229,2.418680032201684,0.8211832898093202,2.2777184665724803,False,,,,,evidence of improvement,50000,20260915
GPT-5.6 Sol (none),YACLC,yaclc,validation,word_gleu,condition,D-R,1000,1000,source sentence,71.22017311110737,72.76743341121856,1.5472603001111906,0.3360032493837227,2.7252985733169823,0.5305950578097295,2.5389753615911648,0.34252696590923937,2.7360323239931983,0.5384827166394248,2.5474211875176334,False,,,,,evidence of improvement,50000,20260915
GPT-5.6 Sol (none),YACLC,yaclc,validation,word_f05,,P-D,1000,1000,source sentence,58.89738614313435,58.74057445461348,-0.15681168852086813,-0.8171240222787911,0.4540289851174819,-0.703621059666094,0.3591408845517405,-0.796476282297878,0.46727958149221926,-0.69158198388328,0.36897215568784,False,,,,,inconclusive,50000,20260915
GPT-5.6 Sol (none),YACLC,yaclc,validation,character_gleu,,P-D,1000,1000,source sentence,80.08568682786823,80.15117662896162,0.06548980109339197,-0.1285194097110628,0.28945383970475286,-0.09664267292756092,0.25032550112432994,-0.1377351741140626,0.27858760750799755,-0.10358696889999998,0.24182762472587976,False,,,,,inconclusive,50000,20260915
GPT-5.6 Sol (none),YACLC,yaclc,validation,word_gleu,condition,P-D,1000,1000,source sentence,72.76743341121856,72.73599673986092,-0.03143667135763906,-0.3399295540645461,0.2776809640111947,-0.28843859535276484,0.22896124569180273,-0.34257712544906493,0.27567425752443264,-0.29088288139396495,0.2266242869923201,False,,,,,inconclusive,50000,20260915
GPT-5.6 Sol (none),YACLC,yaclc,validation,word_f05,,I-P,1000,1000,source sentence,58.74057445461348,58.57200252539746,-0.1685719292160215,-0.5305366828169263,0.1901816396165173,-0.4727849427137065,0.13022984929705295,-0.5300227851833922,0.1904564826917948,-0.47266474603624214,0.13044204174953045,False,,,,,inconclusive,50000,20260915
GPT-5.6 Sol (none),YACLC,yaclc,validation,character_gleu,,I-P,1000,1000,source sentence,80.15117662896162,80.06671471704202,-0.08446191191960395,-0.28894109204978563,0.05321667180330122,-0.2516498095042541,0.0334636701132447,-0.2606532758406376,0.07084506858968258,-0.23028280409549,0.04746682684029977,False,,,,,inconclusive,50000,20260915
GPT-5.6 Sol (none),YACLC,yaclc,validation,word_gleu,condition,I-P,1000,1000,source sentence,72.73599673986092,72.59556148680312,-0.14043525305780236,-0.42779455211669376,0.08383310724746268,-0.3776583470894847,0.04974262470085443,-0.40185681838315496,0.10239344094879507,-0.35638662613524996,0.06581064747419996,False,,,,,inconclusive,50000,20260915
GPT-5.6 Sol (none),FlaCGEC,flacgec,test,word_f05,,D-R,1325,1325,source sentence,38.195869238134314,38.453030526471025,0.2571612883367109,-1.2327720525623773,1.740221686494821,-0.9879774002289261,1.4897152463602448,-1.2246352232452378,1.7471155591841867,-0.9822759851504959,1.4961401176308218,False,,,,,inconclusive,50000,20260915
GPT-5.6 Sol (none),FlaCGEC,flacgec,test,character_gleu,,D-R,1325,1325,source sentence,84.52512720154785,84.34577928674997,-0.17934791479787293,-0.8343971366205015,0.41611616076722185,-0.7262715919129809,0.3251505631092036,-0.8137825897488569,0.43430508073576546,-0.7109772480068456,0.3388928911719921,False,,,,,inconclusive,50000,20260915
GPT-5.6 Sol (none),FlaCGEC,flacgec,test,word_gleu,condition,D-R,1325,1325,source sentence,77.80508355690432,77.51507325250718,-0.2900103043971427,-1.1808614174202603,0.5618809387835141,-1.0442595714220655,0.4245000226821478,-1.1637337444693925,0.5748618386758833,-1.0295680245993093,0.43507614929024074,False,,,,,inconclusive,50000,20260915
GPT-5.6 Sol (none),FlaCGEC,flacgec,test,word_f05,,P-D,1325,1325,source sentence,38.453030526471025,38.74648096014224,0.29345043367121804,-0.26550875700913734,0.9141236870530483,-0.17997704778761298,0.8100042301179654,-0.2813135117213612,0.894662846943804,-0.1932017844388465,0.7950475814597701,False,,,,,inconclusive,50000,20260915
GPT-5.6 Sol (none),FlaCGEC,flacgec,test,character_gleu,,P-D,1325,1325,source sentence,84.34577928674997,84.33775575884071,-0.008023527909259087,-0.13965111381026457,0.13866986995351357,-0.1185226385276864,0.11297056589668197,-0.14454982015847737,0.1330908632052793,-0.12262690190248304,0.10902096508336226,False,,,,,inconclusive,50000,20260915
GPT-5.6 Sol (none),FlaCGEC,flacgec,test,word_gleu,condition,P-D,1325,1325,source sentence,77.51507325250718,77.14194208631343,-0.373131166193744,-0.6401663193203119,-0.13702211915502627,-0.5955013423144457,-0.17307934599104252,-0.6299576050823154,-0.12779002785539806,-0.5871533751346226,-0.16658983591566082,False,,,,,evidence of deterioration,50000,20260915
GPT-5.6 Sol (none),FlaCGEC,flacgec,test,word_f05,,I-P,1325,1325,source sentence,38.74648096014224,38.67505551443375,-0.07142544570849196,-0.3973690903456264,0.1611047639610601,-0.3358387629545029,0.12603144000726124,-0.3574836203143249,0.18466272766398387,-0.30711764898113886,0.14535414189874415,False,,,,,inconclusive,50000,20260915
GPT-5.6 Sol (none),FlaCGEC,flacgec,test,character_gleu,,I-P,1325,1325,source sentence,84.33775575884071,84.34283179560012,0.005076036759405156,-0.05581389419721719,0.07218327391926872,-0.04571198244034549,0.060894419745482445,-0.0579217129885849,0.06934170864186417,-0.04791435282624152,0.05880481236126415,False,,,,,inconclusive,50000,20260915
GPT-5.6 Sol (none),FlaCGEC,flacgec,test,word_gleu,condition,I-P,1325,1325,source sentence,77.14194208631343,77.10592190796169,-0.0360201783517482,-0.17935391510745163,0.058218049789704296,-0.15181262679934784,0.04457940576460658,-0.15847397867641888,0.07123595782515663,-0.13610191765751697,0.05448819948406781,False,,,,,inconclusive,50000,20260915
GPT-5.6 Sol (none),FCGEC,fcgec,validation,word_f05,,D-R,2000,2000,source sentence,12.544627573727196,15.18912915659502,2.644501582867825,1.7591819368519412,3.5577149591551325,1.9077574170792349,3.4065451365836115,1.7552036007529124,3.554056845776862,1.9047769133154007,3.403456539622527,False,,,,,evidence of improvement,50000,20260915
GPT-5.6 Sol (none),FCGEC,fcgec,validation,character_gleu,,D-R,2000,2000,source sentence,88.36207892512066,90.61998820229856,2.2579092771779017,1.9388737774790987,2.577198167086649,1.9910849739882022,2.524813269685405,1.9388738278683486,2.577202067088502,1.9911614552626373,2.52483781662141,False,,,,,evidence of improvement,50000,20260915
GPT-5.6 Sol (none),FCGEC,fcgec,validation,word_gleu,condition,D-R,2000,2000,source sentence,82.09355102031319,85.33957588416074,3.246024863847552,2.762503222650248,3.721967576056346,2.838436118953857,3.643446024222926,2.7665419922005614,3.7257766097179306,2.843153421066527,3.646987749156202,False,,,,,evidence of improvement,50000,20260915
GPT-5.6 Sol (none),FCGEC,fcgec,validation,word_f05,,P-D,2000,2000,source sentence,15.18912915659502,15.835894694641187,0.6467655380461661,0.3099821603412612,1.2191551241026357,0.3562763274840095,1.1148284921685394,0.2527254443052431,1.114721274255484,0.3099168654885706,1.0308610175880055,False,,,,,evidence of improvement,50000,20260915
GPT-5.6 Sol (none),FCGEC,fcgec,validation,character_gleu,,P-D,2000,2000,source sentence,90.61998820229856,90.7184771915436,0.09848898924504113,0.031044972814081945,0.17507019816146366,0.041852239782777356,0.16181292217386703,0.028233580500105025,0.17181486059153872,0.039468355630092475,0.15904404416970994,False,,,,,evidence of improvement,50000,20260915
GPT-5.6 Sol (none),FCGEC,fcgec,validation,word_gleu,condition,P-D,2000,2000,source sentence,85.33957588416074,85.22239482131081,-0.11718106284992302,-0.2648850277915723,0.03802431909963621,-0.24097454274265456,0.012673769787524946,-0.267841627811945,0.034444614991772586,-0.24365268082145256,0.009696818169157432,False,,,,,inconclusive,50000,20260915
GPT-5.6 Sol (none),FCGEC,fcgec,validation,word_f05,,I-P,2000,2000,source sentence,15.835894694641187,15.432302314845348,-0.40359237979583895,-0.88108944402577,-0.17142082784127247,-0.7853455805765674,-0.2011334616565095,-0.7596217776803265,-0.12379821048497361,-0.6927055497697437,-0.16191967567649002,False,,,,,evidence of deterioration,50000,20260915
GPT-5.6 Sol (none),FCGEC,fcgec,validation,character_gleu,,I-P,2000,2000,source sentence,90.7184771915436,90.65634782928883,-0.0621293622547654,-0.1123932191567589,-0.017715688176085254,-0.1038713337048827,-0.025033304849763915,-0.11025272239146999,-0.016070551479410018,-0.10226483426567748,-0.02359469318471504,False,,,,,evidence of deterioration,50000,20260915
GPT-5.6 Sol (none),FCGEC,fcgec,validation,word_gleu,condition,I-P,2000,2000,source sentence,85.22239482131081,85.04241832160675,-0.17997649970406826,-0.28819614113289044,-0.100171305628757,-0.26893224861365533,-0.11207044520422334,-0.27710644925001493,-0.09302404318716122,-0.26028677886906,-0.10597204504173505,False,,,,,evidence of deterioration,50000,20260915
GPT-5.6 Sol (none),NaCGEC,nacgec,test,word_f05,,D-R,5869,5869,source sentence,23.206359516849936,25.180467893722362,1.974108376872426,1.3516518589237199,2.60700133962906,1.4542106582341885,2.5095171861976544,1.3483912032560208,2.6040113227496446,1.4505882448612812,2.5062798386274014,False,,,,,evidence of improvement,50000,20260915
GPT-5.6 Sol (none),NaCGEC,nacgec,test,character_gleu,,D-R,5869,5869,source sentence,87.50027334441891,88.15656191452344,0.6562885701045218,0.45830887882705723,0.8537791337878972,0.4889632049139631,0.8234503138396604,0.45876541256570147,0.8545323411293629,0.4892314720757386,0.8237664281843032,False,,,,,evidence of improvement,50000,20260915
GPT-5.6 Sol (none),NaCGEC,nacgec,test,word_gleu,condition,D-R,5869,5869,source sentence,81.32376797470175,82.17280344737883,0.8490354726770732,0.5507592113650789,1.1446106639527327,0.5980083089438935,1.0988223347236918,0.5511339512712842,1.1452687365227998,0.5983036949210556,1.0989346516628038,False,,,,,evidence of improvement,50000,20260915
GPT-5.6 Sol (none),NaCGEC,nacgec,test,word_f05,,P-D,5869,5869,source sentence,25.180467893722362,25.461416601454395,0.2809487077320334,0.0688445008645772,0.5101768431685247,0.10097277791635897,0.47083358636934813,0.06283185093327193,0.5047648837796513,0.09728568399122182,0.46677655322112693,False,,,,,evidence of improvement,50000,20260915
GPT-5.6 Sol (none),NaCGEC,nacgec,test,character_gleu,,P-D,5869,5869,source sentence,88.15656191452344,88.1553691662015,-0.0011927483219409396,-0.04176736600724857,0.045704139706368094,-0.035461973934001446,0.03799842281880698,-0.0439961658782689,0.04315599242708466,-0.03723154235357472,0.03594344905611942,False,,,,,inconclusive,50000,20260915
GPT-5.6 Sol (none),NaCGEC,nacgec,test,word_gleu,condition,P-D,5869,5869,source sentence,82.17280344737883,81.93489884564791,-0.23790460173091788,-0.3258750654810738,-0.14530481180697413,-0.31185953803232364,-0.16075571218093423,-0.3272560374476495,-0.14656051327327735,-0.3128607603165003,-0.16172601698075567,False,,,,,evidence of deterioration,50000,20260915
GPT-5.6 Sol (none),NaCGEC,nacgec,test,word_f05,,I-P,5869,5869,source sentence,25.461416601454395,25.301548105233167,-0.1598684962212289,-0.31924974367835746,-0.0168292724242658,-0.29239497249275576,-0.03995996827618085,-0.31224988503249274,-0.011311540693059889,-0.28649623481093067,-0.035124321143045256,False,,,,,evidence of deterioration,50000,20260915
GPT-5.6 Sol (none),NaCGEC,nacgec,test,character_gleu,,I-P,5869,5869,source sentence,88.1553691662015,88.14181308449598,-0.013556081705516476,-0.0487548561428796,0.015997979600774655,-0.042904638171223,0.01139628130467418,-0.046518392951079374,0.017870980653076334,-0.040990249689540785,0.012870574407436537,False,,,,,inconclusive,50000,20260915
GPT-5.6 Sol (none),NaCGEC,nacgec,test,word_gleu,condition,I-P,5869,5869,source sentence,81.93489884564791,81.85696642126324,-0.07793242438467018,-0.14403503054783529,-0.022815812909205688,-0.13271713668661583,-0.031260832518552606,-0.13992642643331607,-0.019262733827587742,-0.12939949865844266,-0.028814892356476413,False,,,,,evidence of deterioration,50000,20260915
GPT-5.6 Sol (none),NaSGEC-Exam,nasgec_exam,test,word_f05,,D-R,2000,2000,source sentence,22.087155963302752,25.124437070395828,3.037281107093076,1.8495698382268402,4.239282145465842,2.0439117310041293,4.046605854616231,1.844808300574915,4.235334565149199,2.036461523872805,4.038645395468018,False,,,,,evidence of improvement,50000,20260915
GPT-5.6 Sol (none),NaSGEC-Exam,nasgec_exam,test,character_gleu,,D-R,2000,2000,source sentence,88.53737485820841,90.13432152010402,1.5969466618956147,1.2721081549332411,1.925140257422982,1.3242563309762263,1.87053344654473,1.2718404909549503,1.9243154528219073,1.3238770921538607,1.8699979630084287,False,,,,,evidence of improvement,50000,20260915
GPT-5.6 Sol (none),NaSGEC-Exam,nasgec_exam,test,word_gleu,condition,D-R,2000,2000,source sentence,82.916390434443,85.07353548235739,2.1571450479143834,1.6886203321406554,2.6307779004517258,1.764530417069501,2.553024059326675,1.6891718064837382,2.6312458157702947,1.764727768498522,2.5535687528133475,False,,,,,evidence of improvement,50000,20260915
GPT-5.6 Sol (none),NaSGEC-Exam,nasgec_exam,test,word_f05,,P-D,2000,2000,source sentence,25.124437070395828,25.702908169421985,0.5784710990261566,0.17015707035390065,1.001057398956033,0.23617348402923893,0.9307867536304747,0.16655290634726105,0.9966497998586161,0.23315426134151487,0.9280569053691818,False,,,,,evidence of improvement,50000,20260915
GPT-5.6 Sol (none),NaSGEC-Exam,nasgec_exam,test,character_gleu,,P-D,2000,2000,source sentence,90.13432152010402,90.1785040473916,0.04418252728757466,-0.08628943904014438,0.13584229521746133,-0.06196937852523542,0.12233519887322669,-0.06974542948422117,0.14657681832832625,-0.049222653161585035,0.13070988638033743,False,,,,,inconclusive,50000,20260915
GPT-5.6 Sol (none),NaSGEC-Exam,nasgec_exam,test,word_gleu,condition,P-D,2000,2000,source sentence,85.07353548235739,84.97925594941603,-0.09427953294135705,-0.24243035301155388,0.06081002469222644,-0.21992223919029333,0.034177344763074574,-0.24399618968302372,0.058323606049312485,-0.2211148703971601,0.03277185190426494,False,,,,,inconclusive,50000,20260915
GPT-5.6 Sol (none),NaSGEC-Exam,nasgec_exam,test,word_f05,,I-P,2000,2000,source sentence,25.702908169421985,25.48056769866459,-0.22234047075739483,-0.5077892007495279,0.05486295429067482,-0.4614163122194008,0.007750624515460453,-0.5052444839298493,0.057080981119559206,-0.45911353156944623,0.009899115960670434,False,,,,,inconclusive,50000,20260915
GPT-5.6 Sol (none),NaSGEC-Exam,nasgec_exam,test,character_gleu,,I-P,2000,2000,source sentence,90.1785040473916,90.15501786675834,-0.023486180633256026,-0.07459956255157932,0.024202155105277786,-0.06612082140907366,0.016534395853089932,-0.07358903863396,0.025106088938011268,-0.06544368974725502,0.017040832498924994,False,,,,,inconclusive,50000,20260915
GPT-5.6 Sol (none),NaSGEC-Exam,nasgec_exam,test,word_gleu,condition,I-P,2000,2000,source sentence,84.97925594941603,84.87844369649966,-0.10081225291636997,-0.1928581795395144,-0.02433287879424096,-0.17748470972658353,-0.03610496935573084,-0.18710967104826373,-0.019696476590802474,-0.172959501136155,-0.03259306694591502,False,,,,,evidence of deterioration,50000,20260915
GPT-5.6 Sol (none),CEFE Track 3,cefe_track3,validation,word_f05,,D-R,19,19,source sentence,32.89473684210527,31.25,-1.6447368421052673,,,,,,,,,,,,,,descriptive only (n=19),0,20260915
GPT-5.6 Sol (none),CEFE Track 3,cefe_track3,validation,character_gleu,,D-R,19,19,source sentence,80.57923901692106,81.64190119617896,1.0626621792578987,,,,,,,,,,,,,,descriptive only (n=19),0,20260915
GPT-5.6 Sol (none),CEFE Track 3,cefe_track3,validation,word_gleu,condition,D-R,19,19,source sentence,69.77711764798947,71.53865391446315,1.7615362664736836,,,,,,,,,,,,,,descriptive only (n=19),0,20260915
GPT-5.6 Sol (none),CEFE Track 3,cefe_track3,validation,word_f05,,P-D,19,19,source sentence,31.25,31.25,0.0,,,,,,,,,,,,,,descriptive only (n=19),0,20260915
GPT-5.6 Sol (none),CEFE Track 3,cefe_track3,validation,character_gleu,,P-D,19,19,source sentence,81.64190119617896,81.22610448292632,-0.41579671325264655,,,,,,,,,,,,,,descriptive only (n=19),0,20260915
GPT-5.6 Sol (none),CEFE Track 3,cefe_track3,validation,word_gleu,condition,P-D,19,19,source sentence,71.53865391446315,70.97966143226841,-0.5589924821947392,,,,,,,,,,,,,,descriptive only (n=19),0,20260915
GPT-5.6 Sol (none),CEFE Track 3,cefe_track3,validation,word_f05,,I-P,19,19,source sentence,31.25,30.17241379310345,-1.0775862068965516,,,,,,,,,,,,,,descriptive only (n=19),0,20260915
GPT-5.6 Sol (none),CEFE Track 3,cefe_track3,validation,character_gleu,,I-P,19,19,source sentence,81.22610448292632,81.3216673247579,0.0955628418315797,,,,,,,,,,,,,,descriptive only (n=19),0,20260915
GPT-5.6 Sol (none),CEFE Track 3,cefe_track3,validation,word_gleu,condition,I-P,19,19,source sentence,70.97966143226841,70.65268912274738,-0.3269723095210395,,,,,,,,,,,,,,descriptive only (n=19),0,20260915
